id,tgl,waktu,sku,jumlah,type,gudang,rak,sub_rak,tgl_scan,user_name,status,is_adjustment,log_update_user,created_at,sku_pcs,jumlah_pcs
04384671-39ff-47e3-bc38-b79f7938b60e,2026-10-06,08.00.49,LOOSELEAF-B5-7026/150Lembar,60,OUT,A,LANTAI 4,LANTAI 4,2026-09-22,putraa0070,COMPLETED,false,,2026-10-06T01:02:13.196951+00:00,,
2b70eeeb-1641-4f4d-be59-206020a83f48,2026-10-06,08.00.49,PAINT-SLC-B-12,40,OUT,A,LANTAI 4,LANTAI 4,2026-08-26,putraa0070,COMPLETED,false,,2026-10-06T01:02:13.196951+00:00,,
71d4836b-1cba-4646-8347-295a3c52c8b6,2026-10-06,08.00.49,LAMINATING-LM-02A,2,OUT,A,LANTAI 2,LANTAI 2,2026-10-05,putraa0070,COMPLETED,false,,2026-10-06T01:02:13.196951+00:00,,
911a9599-fc23-4062-8a3c-2272a113a823,2026-10-06,08.00.49,LOOSELEAF-B5-7026/50Lembar,160,OUT,A,LANTAI 4,LANTAI 4,2026-10-05,putraa0070,COMPLETED,false,,2026-10-06T01:02:13.196951+00:00,,
cec28b22-e301-4971-8980-8c6884ecd082,2026-10-06,08.00.49,LAMINATING-LM-02,2,OUT,A,LANTAI 2,LANTAI 2,2026-10-05,putraa0070,COMPLETED,false,,2026-10-06T01:02:13.196951+00:00,,
07815a2a-a116-4207-a8cc-36e6a63f94b5,2026-10-06,08.00.49,MARKER-ACMK-75-24,24,OUT,A,LANTAI 2,LANTAI 2,2026-09-29,putraa0070,COMPLETED,false,,2026-10-06T01:02:14.162074+00:00,,
3318ae86-ccb0-4470-98cd-75f754cca9ad,2026-10-06,08.00.49,PAINT-SLC-A-36,36,OUT,A,LANTAI 4,LANTAI 4,2026-09-24,putraa0070,COMPLETED,false,,2026-10-06T01:02:14.162074+00:00,,
737e6de7-1679-46cc-a5e8-939c751565b5,2026-10-06,08.00.49,PENCIL-P-8126/1BOX/12PCS,360,OUT,A,LANTAI 2,LANTAI 2,2026-09-26,putraa0070,COMPLETED,false,,2026-10-06T01:02:14.162074+00:00,,
83456af2-f9c5-4a1e-8655-dafaa272ac39,2026-10-06,08.00.49,TIMBANGAN-DSL-A4,60,OUT,A,LANTAI 2,LANTAI 2,2026-10-05,putraa0070,COMPLETED,false,,2026-10-06T01:02:14.162074+00:00,,
9c3c3534-420a-40d3-b6f5-de6224e73e66,2026-10-06,08.00.49,CALCULATOR-CC-49,80,OUT,A,LANTAI 4,LANTAI 4,2026-10-03,putraa0070,COMPLETED,false,,2026-10-06T01:02:14.162074+00:00,,
1f2adee1-3237-4287-a638-eecd975766b2,2026-10-06,08.00.49,LAMINATING-LM-05,6,OUT,A,LANTAI 2,LANTAI 2,2026-10-05,putraa0070,COMPLETED,false,,2026-10-06T01:02:15.627689+00:00,,
657ab161-1b14-44e9-af66-6256a3f23864,2026-10-06,08.00.49,CALCULATOR-CC-59,40,OUT,A,LANTAI 2,LANTAI 2,2026-10-05,putraa0070,COMPLETED,false,,2026-10-06T01:02:15.627689+00:00,,
d970305e-19bf-47e9-a989-014c8d611f82,2026-10-06,08.00.49,PENCILCOLOR-CP-0133-24,72,OUT,A,LANTAI 2,LANTAI 2,2026-09-25,putraa0070,COMPLETED,false,,2026-10-06T01:02:15.627689+00:00,,
e4dfd37c-6e19-491a-b69b-c61a35369a4e,2026-10-06,08.00.49,LAMINATING-LM-06,4,OUT,A,LANTAI 2,LANTAI 2,2026-10-05,putraa0070,COMPLETED,false,,2026-10-06T01:02:15.627689+00:00,,
1b52aa14-71e4-46d5-8591-b9c8151190bf,2026-10-06,08.06.43,WHITEBOARD-WB-200,1,OUT,L,L18,L18,2026-08-20,laelalaika340,COMPLETED,false,,2026-10-06T01:22:52.856765+00:00,,
1f84a734-833c-4eab-a306-9e46c98b0970,2026-10-06,08.06.34,GLUE-GG-858/PINK,48,OUT,L,E10,E10,2026-10-05,laelalaika340,COMPLETED,false,,2026-10-06T01:22:52.856765+00:00,,
375845cc-f3bc-4232-ac17-14fb77ebb6fb,2026-10-06,08.06.34,CASHBOX-CB-25B/BLACK,2,OUT,L,ECER-O,ECER-O,2026-10-02,laelalaika340,COMPLETED,false,,2026-10-06T01:22:52.856765+00:00,,
37b27385-63d3-44a7-83b7-23c8bab8affe,2026-10-06,08.06.34,BOX-STBX-1082,10,OUT,L,LORONG-7,LORONG-7,2026-09-25,laelalaika340,COMPLETED,false,,2026-10-06T01:22:52.856765+00:00,,
6e470bf0-1258-4a04-a42d-119df6b93beb,2026-10-06,08.06.34,BOX-MSBX-183S,6,OUT,L,LORONG-7,LORONG-7,2026-09-29,laelalaika340@gmail.com,COMPLETED,false,,2026-10-06T01:22:52.856765+00:00,,
08d008af-048f-47e1-8631-700735d0b764,2026-10-06,08.21.05,CALCULATOR-CC-23BP/PINK,80,OUT,L,G4,G4,2026-10-05,laelalaika340,COMPLETED,false,,2026-10-06T01:22:53.279956+00:00,,
3802d84a-6fa5-481c-90fd-94b5c8f27ae5,2026-10-06,08.15.48,CALCULATOR-CC-8CO/BLUE,40,OUT,L,LORONG-UTAMA,LORONG-UTAMA,2026-10-05,laelalaika340,COMPLETED,false,,2026-10-06T01:22:53.279956+00:00,,
f8d53a93-2ba9-4b9a-b4ef-12ccefc28e0e,2026-10-06,08.06.50,WHITEBOARD-WBST-270,1,OUT,L,ECER-M,ECER-M,2026-10-03,laelalaika340,COMPLETED,false,,2026-10-06T01:22:53.279956+00:00,,
62ba808b-9e6b-44e1-862e-458b517d6b4f,2026-10-06,08.23.59,DESKSET-DS-20PTL/PASTELPINK,12,OUT,L,C15,C15,2026-09-28,,COMPLETED,false,,2026-10-06T01:23:57.260819+00:00,,
43775dd8-5d67-468d-a35b-40205e20f6f5,2026-10-06,08.11.31,PENCILCOLOR-CP-0131-12,144,OUT,A,J5,J5,2026-09-10,putraa0070,COMPLETED,false,,2026-10-06T01:29:30.574629+00:00,,
45f4a3b4-c4ed-4722-ae3c-dbc04ad5c60e,2026-10-06,08.08.08,CLOCK-WLCL-5000,10,OUT,A,TEMP-C,TEMP-C,2026-10-05,putraa0070@gmail.com,COMPLETED,false,,2026-10-06T01:29:30.574629+00:00,,
6b533972-b632-4502-81ac-907267358562,2026-10-06,08.08.37,STAPLER-HD-10CL,240,OUT,A,K17,K17,2026-09-30,putraa0070,COMPLETED,false,,2026-10-06T01:29:30.574629+00:00,,
b47ea89d-245e-46b2-a7a3-a103c7189711,2026-10-06,08.10.05,PENCILCOLOR-CP-101,72,OUT,A,J5,J5,2026-10-05,putraa0070,COMPLETED,false,,2026-10-06T01:29:30.574629+00:00,,
bf93f23d-8f05-4ff7-91a7-b24f89a694e7,2026-10-06,08.13.46,PENCIL-MP-69/1PC,288,OUT,A,LORONG-6,LORONG-6,2026-10-05,putraa0070,COMPLETED,false,,2026-10-06T01:29:30.574629+00:00,,
120eb906-0d9e-463b-9da6-48490f2cbbf7,2026-10-06,08.25.30,LOOSELEAF-B5-100GR/100Lembar,60,OUT,A,F20,F20,2026-09-11,putraa0070,COMPLETED,false,,2026-10-06T01:29:30.976688+00:00,,
2c313f83-7310-4629-8704-57ca61d95fab,2026-10-06,08.22.59,INK-SPI-11,144,OUT,A,D23,D23,2026-09-22,putraa0070,COMPLETED,false,,2026-10-06T01:29:30.976688+00:00,,
2f8408f3-cd7c-4653-bd9c-864de697541f,2026-10-06,08.16.57,TAPE-CLOTHTAPE-48x10/BLUE,60,OUT,A,L23,L23,2026-09-05,putraa0070,COMPLETED,false,,2026-10-06T01:29:30.976688+00:00,,
45b0b8da-5c67-4d59-abd7-2a83fa462a11,2026-10-06,08.21.59,PENCIL-MP-68/1PC,216,OUT,A,LORONG-6,LORONG-6,2026-09-30,putraa0070,COMPLETED,false,,2026-10-06T01:29:30.976688+00:00,,
d28bb35e-0b6f-439f-8aea-54b19688f24d,2026-10-06,08.15.27,PIANICA-PNC-20,12,OUT,A,J16,J16,2026-10-01,putraa0070,COMPLETED,false,,2026-10-06T01:29:30.976688+00:00,,
1ed4e801-4df0-444e-80a9-9587e97aa5b8,2026-10-06,08.28.12,LOOSELEAF-B5-104MIX-50,160,OUT,A,F18,F18,2026-10-02,putraa0070,COMPLETED,false,,2026-10-06T01:29:31.243498+00:00,,
053981d9-65a3-410e-817c-1f94672afc29,2026-10-06,08.48.12,PAINT-OP-36ART,18,OUT,A,H20,H20,2026-09-28,putraa0070,COMPLETED,false,,2026-10-06T01:58:12.871291+00:00,,
29873014-0b8a-431b-89b7-f606e7d9ba0d,2026-10-06,08.48.12,HOOK-ADHK-3030,96,OUT,A,E19,E19,2026-10-03,putraa0070@gmail.com,COMPLETED,false,,2026-10-06T01:58:12.871291+00:00,,
4e22109e-1206-40b2-8296-ea58314b5b77,2026-10-06,08.48.12,PUNCH-PU-35,240,OUT,A,UTAMA,UTAMA,2026-08-11,putraa0070,COMPLETED,false,,2026-10-06T01:58:12.871291+00:00,,
552e61d9-4306-4342-b5e2-b611f0c456a7,2026-10-06,08.48.12,PAINT-OP-24CH,24,OUT,A,LANTAI 2,LANTAI 2,2026-09-02,putraa0070,COMPLETED,false,,2026-10-06T01:58:12.871291+00:00,,
6d4ca618-26d5-4a0f-bd23-5bf4576680f5,2026-10-06,08.48.36,PULPEN-1BOX/BP-342/BLACK,144,OUT,A,I3,I3,2026-10-03,putraa0070,COMPLETED,false,,2026-10-06T01:58:12.871291+00:00,,
6fee54fa-057d-464f-bb1a-63b087d328ca,2026-10-06,08.54.45,PULPEN-PSBP-177,72,OUT,A,J24,J24,2026-10-02,putraa0070,COMPLETED,false,,2026-10-06T01:58:13.328074+00:00,,
7d6df345-19fc-4115-a284-06cfee99679d,2026-10-06,08.51.04,PAINT-OP-12CH,144,OUT,A,H21,H21,2026-09-22,putraa0070,COMPLETED,false,,2026-10-06T01:58:13.328074+00:00,,
59b2a096-ba1b-48e2-b77a-95509f7dcf89,2026-10-06,09.00.48,BAG-RSB-101-28X40/1PC,100,OUT,A,B28,B28,2026-10-02,putraa0070,COMPLETED,false,,2026-10-06T02:01:46.87824+00:00,,
966347a5-b94b-46bd-942a-c3ab353e888d,2026-10-06,09.01.12,BAG-RSB-101-35X45/1PC,100,OUT,A,B28,B28,2026-10-02,putraa0070,COMPLETED,false,,2026-10-06T02:01:46.87824+00:00,,
c3fc9688-3156-40ba-85ba-2a03dd12e81b,2026-10-06,08.59.26,BAG-RSB-101-20X28/1PC,50,OUT,A,B26,B26,2026-09-29,putraa0070@gmail.com,COMPLETED,false,,2026-10-06T02:01:46.87824+00:00,,
f8c7828b-b96f-488f-a853-d74c6a75841f,2026-10-06,09.00.26,BAG-RSB-101-25X35/1PC,100,OUT,A,B27,B27,2026-10-02,putraa0070,COMPLETED,false,,2026-10-06T02:01:46.87824+00:00,,
681ade63-225d-43bc-8325-63ddcf8b046e,2026-10-06,09.07.08,BAG-VSB-3302/1PC,20,OUT,A,L12,L12,2026-09-24,putraa0070@gmail.com,COMPLETED,false,,2026-10-06T02:09:58.224399+00:00,,
dea1ad92-6479-4d6b-8a7f-32e0b933b40d,2026-10-06,09.08.52,LOOSELEAF-A5-7020/50Lembar,192,OUT,A,LANTAI 4,LANTAI 4,2026-10-05,putraa0070,COMPLETED,false,,2026-10-06T02:09:58.224399+00:00,,
a4b3fd67-3e4b-4df6-9949-0544057884b0,2026-10-06,09.21.46,PULPEN-1BOX/GP-265WHT/BLACK,72,OUT,A,TEMP-L,TEMP-L,2026-10-04,putraa0070,COMPLETED,false,,2026-10-06T02:22:09.478537+00:00,,
3c5f21f3-1da1-451a-ac79-f0d04b217384,2026-10-06,10.02.08,CALCULATOR-CC-74,80,OUT,A,LANTAI 2,LANTAI 2,2026-09-15,putraa0070,COMPLETED,false,,2026-10-06T03:02:04.334474+00:00,,
2b336fef-4ba0-4000-a6c4-dbe713085714,2026-10-06,09.57.50,CUTTER-TD-103/PASTEL,24,OUT,L,B6,B6,2026-10-05,laelalaika340,COMPLETED,false,,2026-10-06T03:05:19.957819+00:00,,
4d8383dc-1f61-4461-8163-e739e110ba42,2026-10-06,09.57.50,TAPE-STT-31-R12/1ROLL,288,OUT,L,L27,L27,2026-10-05,laelalaika340,COMPLETED,false,,2026-10-06T03:05:19.957819+00:00,,
59771f09-9df5-4ba1-9646-1cdeca7d2fc1,2026-10-06,09.57.50,INK-PMI-201/1PCS,288,OUT,L,F6,F6,2026-09-09,laelalaika340,COMPLETED,false,,2026-10-06T03:05:19.957819+00:00,,
5b9f023e-0eee-4077-ab73-7aa5c58682d8,2026-10-06,09.57.50,PULPEN-1BOX/JK-7/BLACK,144,OUT,L,LORONG-5,LORONG-5,2026-09-10,laelalaika340,COMPLETED,false,,2026-10-06T03:05:19.957819+00:00,,
bbbf9fc6-8a5c-45df-8e6d-7270ce38aec1,2026-10-06,09.57.50,TROLI-CART-75-4,1,OUT,L,L24,L24,2026-09-26,laelalaika340,COMPLETED,false,,2026-10-06T03:05:19.957819+00:00,,
81d47a0d-1466-4013-8c79-f10d2179b3e5,2026-10-06,09.57.50,CORRECTION-1BOX/CF-S245,48,OUT,L,TEMP-C,TEMP-C,2026-10-05,laelalaika340,COMPLETED,false,,2026-10-06T03:05:20.32009+00:00,,
d676cfc4-cdee-4100-a480-196b78617fc7,2026-10-06,09.57.50,BAG-RSB-100-8.7X13,20,OUT,L,B27,B27,2026-09-30,laelalaika340,COMPLETED,false,,2026-10-06T03:05:20.32009+00:00,,
dcdc3f28-1004-451b-8345-ad0e52c9f819,2026-10-06,09.57.50,FILE-EF-1218/BLUE,48,OUT,L,LORONG-UTAMA,LORONG-UTAMA,2026-09-19,laelalaika340,COMPLETED,false,,2026-10-06T03:05:20.32009+00:00,,
e05a6c2c-c1be-4ad8-b887-5d7656d050fc,2026-10-06,09.57.50,PULPEN-1BOX/BP-387/BLACK,144,OUT,L,I6,I6,2026-10-05,laelalaika340,COMPLETED,false,,2026-10-06T03:05:20.32009+00:00,,
f2fe9e27-605f-4c7b-8d0a-f2a51e709760,2026-10-06,09.57.50,CALCULATOR-CC-67BP/PINK,60,OUT,L,G10,G10,2026-10-05,laelalaika340,COMPLETED,false,,2026-10-06T03:05:20.32009+00:00,,
6389f4f9-1a3b-4b18-9e89-2bd111853734,2026-10-06,09.57.50,CALCULATOR-CC-72CO/PINK,40,OUT,L,G7,G7,2026-09-12,laelalaika340,COMPLETED,false,,2026-10-06T03:05:20.963968+00:00,,
79eb4704-8b32-4d05-abec-5ad1233c4264,2026-10-06,09.57.50,CLOCK-ALCL-609/BLACK,30,OUT,L,TEMP-C,TEMP-C,2026-10-05,laelalaika340,COMPLETED,false,,2026-10-06T03:05:20.963968+00:00,,
7c73c183-0de1-4188-95eb-e2f03159ad99,2026-10-06,09.57.50,BOOK-GB-2030-5,72,OUT,L,B17,B17,2026-09-27,laelalaika340,COMPLETED,false,,2026-10-06T03:05:20.963968+00:00,,
8433f652-c2e0-4aeb-8e73-08b7a39fdc77,2026-10-06,09.57.50,BAG-RSB-100-5X8,30,OUT,L,B24,B24,2026-09-30,laelalaika340,COMPLETED,false,,2026-10-06T03:05:20.963968+00:00,,
a0e490e5-60e2-4ac3-a93c-4b407668d2b7,2026-10-06,09.57.59,PULPEN-BP-327/1BOX/12PCS/BLACK,144,OUT,L,LANTAI 2,LANTAI 2,2026-09-25,laelalaika340,COMPLETED,false,,2026-10-06T03:05:20.963968+00:00,,
1a69b307-4b54-4a91-9e17-ca97c065bc88,2026-10-06,10.07.19,MARKER-PM-76/1PC/BLUE,720,OUT,A,F9,F9,2026-09-11,putraa0070@gmail.com,COMPLETED,false,,2026-10-06T03:09:40.706715+00:00,,
2b2098a5-981d-4fc7-9141-44d571880c20,2026-10-06,10.07.19,PENCILLEAD-PL-07,1728,OUT,A,LORONG-6,LORONG-6,2026-08-03,putraa0070,COMPLETED,false,,2026-10-06T03:09:40.706715+00:00,,
581f18a6-f7f5-4c58-bb1e-f63ecf086b28,2026-10-06,10.09.23,RULER-PRTT-290,200,OUT,A,K11,K11,2026-09-25,putraa0070,COMPLETED,false,,2026-10-06T03:09:40.706715+00:00,,
0ac9fbd1-ae0a-4539-8fce-1c8165663940,2026-10-06,10.05.20,CUTTER-K-200,72,OUT,L,TEMP-C,TEMP-C,2026-10-05,laelalaika340@gmail.com,COMPLETED,false,,2026-10-06T03:11:24.892456+00:00,,
28479db9-8912-48c4-b6c5-9af44b85f5b4,2026-10-06,10.09.38,BAG-RSB-102-25X17/1PC,50,OUT,L,B26,B26,2026-09-29,laelalaika340,COMPLETED,false,,2026-10-06T03:11:24.892456+00:00,,
36b2aabb-3040-4f98-9938-f9a01bc13a5a,2026-10-06,10.09.57,BAG-RSB-101-17X25/1PC,50,OUT,L,B26,B26,2026-09-29,laelalaika340,COMPLETED,false,,2026-10-06T03:11:24.892456+00:00,,
cc565b8c-e67f-48bf-a0ea-d41f2c55c423,2026-10-06,10.08.23,BAG-RSB-102-28X20/1PC,50,OUT,L,B24,B24,2026-10-01,laelalaika340,COMPLETED,false,,2026-10-06T03:11:24.892456+00:00,,
d5da9aff-8858-41f3-b8c0-4b6b00c3d02a,2026-10-06,10.08.42,BAG-RSB-102-22X16/1PC,50,OUT,L,B26,B26,2026-09-29,laelalaika340,COMPLETED,false,,2026-10-06T03:11:24.892456+00:00,,
fccd5c50-bf90-4df9-80da-5e55f6b3a08c,2026-10-06,10.09.39,PENCILCASE-PC-5004/RED,36,OUT,A,UTAMA,UTAMA,2025-01-04,putraa0070@gmail.com,COMPLETED,false,,2026-10-06T03:15:02.668159+00:00,,
677f5246-670f-4858-bc06-c05b6174e177,2026-10-06,10.28.45,PAINT-WC-3-28,36,OUT,A,L1,L1,2026-10-05,putraa0070@gmail.com,COMPLETED,false,,2026-10-06T03:33:40.318425+00:00,,
83aca358-3ddf-45ad-a4f7-a348480b8592,2026-10-06,10.31.13,STAPLER-ST-22/PURPLE,480,OUT,L,K13,K13,2026-10-05,laelalaika340,COMPLETED,false,,2026-10-06T03:34:58.370458+00:00,,
9c6570c6-2d80-4a6c-8950-97730a2572d1,2026-10-06,10.34.24,CALCULATOR-CC-40,40,OUT,L,LORONG-4,LORONG-4,2026-08-18,laelalaika340,COMPLETED,false,,2026-10-06T03:34:58.370458+00:00,,
b03640e1-899c-4f86-b3a5-a7b60c57388a,2026-10-06,10.31.13,SHARPENER-A-186,120,OUT,L,K15,K15,2026-10-03,laelalaika340@gmail.com,COMPLETED,false,,2026-10-06T03:34:58.370458+00:00,,
ee4fbc12-7bd6-4836-aa38-89e6eaa37d27,2026-10-06,10.31.13,TAPE-OPP-1-50/1ROLL,72,OUT,L,L26,L26,2026-09-23,laelalaika340,COMPLETED,false,,2026-10-06T03:34:58.370458+00:00,,
25154d0f-149f-4573-8f23-10f6bef509ca,2026-10-06,10.34.58,FILE-EF-1218/PINK,48,OUT,L,LORONG-UTAMA,LORONG-UTAMA,2026-09-24,laelalaika340@gmail.com,COMPLETED,false,,2026-10-06T03:42:13.431859+00:00,,
c96adf54-71c5-445f-9065-b3d23d0131c9,2026-10-06,10.41.51,CALCULATOR-CC-82/PINK,40,OUT,PENYESUAIAN STOK OUT,LANTAI 4,LANTAI 4,,kalindosukses4@gmail.com,COMPLETED,false,,2026-10-06T03:42:57.674561+00:00,,
b1ec872f-007d-4539-ad7a-4bb51cd53183,2026-10-06,10.44.09,CUTTER-L-500-Dan-L-150,288,OUT,L,C5,C5,2026-09-22,,COMPLETED,false,,2026-10-06T03:44:06.057705+00:00,,
918da7b6-3f64-45b2-a30a-71a523333986,2026-10-06,11.40.13,BAG-RSB-100-12X20,60,IN,H,UTAMA,UTAMA,2026-10-06,kalindosukses4@gmail.com,COMPLETED,false,,2026-10-06T04:40:58.521+00:00,,
8253d9fc-39ff-4097-b8b0-e49d04a805e8,2026-10-06,11.40.13,BAG-RSB-100-16X25,35,IN,H,UTAMA,UTAMA,2026-10-06,kalindosukses4@gmail.com,COMPLETED,false,,2026-10-06T04:40:58.536+00:00,,
06881af2-6fb9-40c6-9051-0ac3317ae692,2026-10-06,11.40.13,BAG-RSB-100-8X12,150,IN,H,UTAMA,UTAMA,2026-10-06,kalindosukses4@gmail.com,COMPLETED,false,,2026-10-06T04:40:58.537+00:00,,
19001e20-3520-449e-bf7e-6f7429754674,2026-10-06,11.40.13,BAG-RSB-100-6X10,300,IN,H,UTAMA,UTAMA,2026-10-06,kalindosukses4@gmail.com,COMPLETED,false,,2026-10-06T04:40:58.54+00:00,,
b19592ea-5de8-4999-847d-f3050e9b830f,2026-10-06,11.40.13,HOOK-ADHK-3190,384,IN,H,UTAMA,UTAMA,2026-10-06,kalindosukses4@gmail.com,COMPLETED,false,,2026-10-06T04:40:58.541+00:00,,
398aa9b1-0100-4b39-baf3-d3d89e1e09df,2026-10-06,11.40.13,INK-SPI-22,144,IN,H,UTAMA,UTAMA,2026-10-06,kalindosukses4@gmail.com,COMPLETED,false,,2026-10-06T04:40:58.93+00:00,,
a869b0b8-3aba-4c3d-b2ff-9740fa617770,2026-10-06,11.40.13,LOOSELEAF-A5-100PL/100Lembar,144,IN,H,UTAMA,UTAMA,2026-10-06,kalindosukses4@gmail.com,COMPLETED,false,,2026-10-06T04:40:58.938+00:00,,
6acf2781-7243-4617-9e6b-edb07c82edaf,2026-10-06,11.40.13,LOOSELEAF-A5-103MIX-50,960,IN,H,UTAMA,UTAMA,2026-10-06,kalindosukses4@gmail.com,COMPLETED,false,,2026-10-06T04:40:58.94+00:00,,
824a7cc3-0103-4296-b679-d99598721f59,2026-10-06,11.40.13,LAMINATINGFILM-LF100-2231(A4),20,IN,H,UTAMA,UTAMA,2026-10-06,kalindosukses4@gmail.com,COMPLETED,false,,2026-10-06T04:40:58.941+00:00,,
a6af6aa5-af97-4ae8-9ecb-07216166401b,2026-10-06,11.40.13,INK-SPI-12,144,IN,H,UTAMA,UTAMA,2026-10-06,kalindosukses4@gmail.com,COMPLETED,false,,2026-10-06T04:40:58.948+00:00,,
a70d4a27-0d9c-4a7a-8339-555d1d07c43b,2026-10-06,11.40.13,LOOSELEAF-B5-100PL/100Lembar,120,IN,H,UTAMA,UTAMA,2026-10-06,kalindosukses4@gmail.com,COMPLETED,false,,2026-10-06T04:40:59.153+00:00,,
5a9ba1c5-b5b0-4fb0-959e-edc300f7dbc2,2026-10-06,11.40.13,MARKER-1BOX/WM-65/BLACK,48,IN,H,UTAMA,UTAMA,2026-10-06,kalindosukses4@gmail.com,COMPLETED,false,,2026-10-06T04:40:59.154+00:00,,
43cb54b5-80e9-497b-ba92-7d5f443fe9f7,2026-10-06,11.40.13,MAGNIFIER-MFR-10,72,IN,H,UTAMA,UTAMA,2026-10-06,kalindosukses4@gmail.com,COMPLETED,false,,2026-10-06T04:40:59.178+00:00,,
df964ddb-5d95-4251-99b7-fbd98008a4c2,2026-10-06,11.40.13,LOOSELEAF-A5-7020/100Lembar,1440,IN,H,LANTAI 4,LANTAI 4,2026-10-06,kalindosukses4@gmail.com,COMPLETED,false,,2026-10-06T04:40:59.178+00:00,,
037b6c20-c16a-468c-a7a8-8b8402520f92,2026-10-06,11.40.13,MARKER-ARMK-74-30,80,IN,H,UTAMA,UTAMA,2026-10-06,kalindosukses4@gmail.com,COMPLETED,false,,2026-10-06T04:40:59.244+00:00,,
1216bf73-7684-422a-8672-aee29fea3242,2026-10-06,11.40.13,PIANICA-PNC-20SC,36,IN,H,UTAMA,UTAMA,2026-10-06,kalindosukses4@gmail.com,COMPLETED,false,,2026-10-06T04:40:59.443+00:00,,
2fc6532b-8998-4097-a662-f2f3c785cfc5,2026-10-06,11.40.13,PIANICA-PNC-20,36,IN,H,UTAMA,UTAMA,2026-10-06,kalindosukses4@gmail.com,COMPLETED,false,,2026-10-06T04:40:59.443+00:00,,
5c6a86d3-459c-49b0-b71e-904332689a26,2026-10-06,11.40.13,PULPEN-GP-381/1PCS/BLACK,1728,IN,H,UTAMA,UTAMA,2026-10-06,kalindosukses4@gmail.com,COMPLETED,false,,2026-10-06T04:40:59.443+00:00,,
a8ee74c9-0e3c-451a-a570-b4b3f1868b39,2026-10-06,11.40.13,PULPEN-GP-413/1SET/4PCS/BLACK,1296,IN,H,UTAMA,UTAMA,2026-10-06,kalindosukses4@gmail.com,COMPLETED,false,,2026-10-06T04:40:59.443+00:00,,
b3c749e5-ebee-4866-9dfe-f0953a5da535,2026-10-06,11.40.13,PULPEN-1BOX/GP-381/BLACK,288,IN,H,UTAMA,UTAMA,2026-10-06,kalindosukses4@gmail.com,COMPLETED,false,,2026-10-06T04:40:59.443+00:00,,
a46a1cea-6599-460c-9336-29f2981d8c9f,2026-10-06,11.40.13,PIANICA-PNC-21SC,36,IN,H,UTAMA,UTAMA,2026-10-06,kalindosukses4@gmail.com,COMPLETED,false,,2026-10-06T04:40:59.743+00:00,,
11f871ac-d4d6-4001-ab5f-99eed9441e16,2026-10-06,11.40.13,PULPEN-BP-428/1BOX/12PCS/BLACK,720,IN,H,UTAMA,UTAMA,2026-10-06,kalindosukses4@gmail.com,COMPLETED,false,,2026-10-06T04:40:59.762+00:00,,
922e4fe7-2126-4d28-bf59-914469b80a3f,2026-10-06,11.40.13,PENCILCOLOR-CP-122,48,IN,H,UTAMA,UTAMA,2026-10-06,kalindosukses4@gmail.com,COMPLETED,false,,2026-10-06T04:40:59.782+00:00,,
32444b06-5b12-4104-a599-149943d5086a,2026-10-06,11.40.13,PENCILCASE-PC-0717PL-29/GREEN,288,IN,H,UTAMA,UTAMA,2026-10-06,kalindosukses4@gmail.com,COMPLETED,false,,2026-10-06T04:40:59.8+00:00,,
78be2292-80ee-4f82-8ac4-332d405918b0,2026-10-06,11.40.13,PENCILCASE-PC-0719PL-38/WHITE,288,IN,H,UTAMA,UTAMA,2026-10-06,kalindosukses4@gmail.com,COMPLETED,false,,2026-10-06T04:40:59.851+00:00,,
9b73f787-9244-4e23-a8f6-5f87a554d3ca,2026-10-06,11.40.13,PENCILCOLOR-CP-105,144,IN,H,UTAMA,UTAMA,2026-10-06,kalindosukses4@gmail.com,COMPLETED,false,,2026-10-06T04:41:00.001+00:00,,
377024a2-6cae-4587-bf5c-665204922d22,2026-10-06,11.40.13,PENCILCOLOR-CP-106,144,IN,H,UTAMA,UTAMA,2026-10-06,kalindosukses4@gmail.com,COMPLETED,false,,2026-10-06T04:41:00.016+00:00,,
0e89768f-64db-43ff-8089-c21653ee4423,2026-10-06,11.40.13,PENCILCOLOR-CP-115,72,IN,H,UTAMA,UTAMA,2026-10-06,kalindosukses4@gmail.com,COMPLETED,false,,2026-10-06T04:41:00.017+00:00,,
66afac5f-5787-42d1-a1fc-37f213bc15fd,2026-10-06,11.40.13,PENCILLEAD-PL-21,800,IN,H,UTAMA,UTAMA,2026-10-06,kalindosukses4@gmail.com,COMPLETED,false,,2026-10-06T04:41:00.023+00:00,,
8e8271af-bc85-4795-b9cb-72f20776de94,2026-10-06,11.40.13,PENCIL-MP-62/1PC,864,IN,H,UTAMA,UTAMA,2026-10-06,kalindosukses4@gmail.com,COMPLETED,false,,2026-10-06T04:41:00.046+00:00,,
2fd2f912-1007-4f56-8712-ccef05c83214,2026-10-06,11.40.13,MEMO-MMS-30/BEIGE,384,IN,H,UTAMA,UTAMA,2026-10-06,kalindosukses4@gmail.com,COMPLETED,false,,2026-10-06T04:41:00.261+00:00,,
54eee264-cc56-4144-bdb8-7e48013c7825,2026-10-06,11.40.13,MEMO-MMS-15,48,IN,H,UTAMA,UTAMA,2026-10-06,kalindosukses4@gmail.com,COMPLETED,false,,2026-10-06T04:41:00.262+00:00,,
f64094f5-d1e6-415f-8055-e67de7ceb9a6,2026-10-06,11.40.13,MEMO-MMS-3,144,IN,H,UTAMA,UTAMA,2026-10-06,kalindosukses4@gmail.com,COMPLETED,false,,2026-10-06T04:41:00.266+00:00,,
023c8dd2-dbfc-4ade-839c-f764c99e4065,2026-10-06,11.40.13,PAINT-ACC-B30-710/ORANGERED,192,IN,H,UTAMA,UTAMA,2026-10-06,kalindosukses4@gmail.com,COMPLETED,false,,2026-10-06T04:41:00.267+00:00,,
9ecd00d0-e541-4aa9-bc16-bd60acefdfef,2026-10-06,11.40.13,PAINT-ACC-B30-704/PALEYELLOW,192,IN,H,UTAMA,UTAMA,2026-10-06,kalindosukses4@gmail.com,COMPLETED,false,,2026-10-06T04:41:00.268+00:00,,
60677755-7165-41a4-8a45-1024d6dc6a44,2026-10-06,11.40.13,PAINT-ACC-B30-716/VERMILLIRED,192,IN,H,UTAMA,UTAMA,2026-10-06,kalindosukses4@gmail.com,COMPLETED,false,,2026-10-06T04:41:00.469+00:00,,
2240a224-2503-459b-a663-02c280af17f5,2026-10-06,11.40.13,PAINT-ACC-B30-722/SAPGREEN,192,IN,H,UTAMA,UTAMA,2026-10-06,kalindosukses4@gmail.com,COMPLETED,false,,2026-10-06T04:41:00.473+00:00,,
b4ff74f5-8731-4628-9ae7-238cefb14900,2026-10-06,11.40.13,PAINT-ACC-B30-730/COBALTBLUE,192,IN,H,UTAMA,UTAMA,2026-10-06,kalindosukses4@gmail.com,COMPLETED,false,,2026-10-06T04:41:00.473+00:00,,
aff89fd7-bf53-4f7d-a067-1e83b71f7b6d,2026-10-06,11.40.13,PAINT-ACC-B30-746/BLACK,192,IN,H,UTAMA,UTAMA,2026-10-06,kalindosukses4@gmail.com,COMPLETED,false,,2026-10-06T04:41:00.479+00:00,,
ee9a613b-8b92-459c-99f3-b2e6d8e5231f,2026-10-06,11.40.13,PAINT-ACC-B75-708/YELLOWOCHRE,144,IN,H,UTAMA,UTAMA,2026-10-06,kalindosukses4@gmail.com,COMPLETED,false,,2026-10-06T04:41:00.479+00:00,,
332c99c0-47f3-422b-9d93-9a44e759468b,2026-10-06,11.40.13,BAG-RSB-101-35X45/1PC,600,IN,H,UTAMA,UTAMA,2026-10-06,kalindosukses4@gmail.com,COMPLETED,false,,2026-10-06T04:41:00.659+00:00,,
ab1e52d3-342f-4456-8c6e-04d2f7054557,2026-10-06,11.40.13,PAPER-GSS-A4-115,100,IN,H,UTAMA,UTAMA,2026-10-06,kalindosukses4@gmail.com,COMPLETED,false,,2026-10-06T04:41:00.659+00:00,,
a03c544c-7d3c-4e1c-84eb-9e097375eecd,2026-10-06,11.40.13,RULER-RL-ST100,240,IN,H,UTAMA,UTAMA,2026-10-06,kalindosukses4@gmail.com,COMPLETED,false,,2026-10-06T04:41:00.661+00:00,,
5752789b-3f20-475a-80d6-b9d337edb5f1,2026-10-06,11.40.13,PAINT-WC-3-48,72,IN,H,UTAMA,UTAMA,2026-10-06,kalindosukses4@gmail.com,COMPLETED,false,,2026-10-06T04:41:00.665+00:00,,
5e7a37df-ee12-4f12-a107-56152a79d2a5,2026-10-06,11.40.13,PAINT-ACC-B75-734/PRUSSIANBLUE,144,IN,H,UTAMA,UTAMA,2026-10-06,kalindosukses4@gmail.com,COMPLETED,false,,2026-10-06T04:41:00.665+00:00,,
da262f5b-7c44-442b-b26f-a6ee4ad081b4,2026-10-06,11.40.13,BOOK-BKE-688,50,IN,H,UTAMA,UTAMA,2026-10-06,kalindosukses4@gmail.com,COMPLETED,false,,2026-10-06T04:41:00.85+00:00,,
3a362c7c-e5d0-4364-b37c-1e748b51e7d8,2026-10-06,11.40.13,BINDERNOTE-A5-TSPL-M507/BROWN,72,IN,H,UTAMA,UTAMA,2026-10-06,kalindosukses4@gmail.com,COMPLETED,false,,2026-10-06T04:41:00.851+00:00,,
a9ca8329-a6c0-4cba-ab50-2e85f0616552,2026-10-06,11.40.13,BOOK-BKE-690,20,IN,H,UTAMA,UTAMA,2026-10-06,kalindosukses4@gmail.com,COMPLETED,false,,2026-10-06T04:41:00.856+00:00,,
b932fb82-38df-4538-96fe-85c20478da40,2026-10-06,11.40.13,BINDERNOTEA5TSPL-M507/DARKGREY,216,IN,H,UTAMA,UTAMA,2026-10-06,kalindosukses4@gmail.com,COMPLETED,false,,2026-10-06T04:41:00.857+00:00,,
681f965f-9bce-4c0e-a58a-e1c7400f2bcb,2026-10-06,11.40.13,BOARD-CRBD-4520,24,IN,H,UTAMA,UTAMA,2026-10-06,kalindosukses4@gmail.com,COMPLETED,false,,2026-10-06T04:41:00.865+00:00,,
c1d63e57-bc78-42ac-904b-0265c0af7949,2026-10-06,11.40.13,BOARD-CRBD-4530,12,IN,H,UTAMA,UTAMA,2026-10-06,kalindosukses4@gmail.com,COMPLETED,false,,2026-10-06T04:41:01.035+00:00,,
d2883392-5ad7-4331-869a-717685f9a735,2026-10-06,11.40.13,BOOK-BKHD-3,24,IN,H,UTAMA,UTAMA,2026-10-06,kalindosukses4@gmail.com,COMPLETED,false,,2026-10-06T04:41:01.035+00:00,,
21618da2-ed41-4ab5-a95e-028a16ed2766,2026-10-06,11.40.13,BOOK-CLBK-3503/1PC,192,IN,H,UTAMA,UTAMA,2026-10-06,kalindosukses4@gmail.com,COMPLETED,false,,2026-10-06T04:41:01.037+00:00,,
8ae0d6c3-853e-4932-b4fa-4b06f62614c9,2026-10-06,11.40.13,BOOK-NB-739/DT,72,IN,H,UTAMA,UTAMA,2026-10-06,kalindosukses4@gmail.com,COMPLETED,false,,2026-10-06T04:41:01.037+00:00,,
79afab70-03be-4e8f-8de7-56dfad1de987,2026-10-06,11.40.13,BOOK-NB-663/BLACK,40,IN,H,UTAMA,UTAMA,2026-10-06,kalindosukses4@gmail.com,COMPLETED,false,,2026-10-06T04:41:01.038+00:00,,
2a598527-081f-4866-9b63-d8ed22c76e84,2026-10-06,11.40.13,BOOK-SKBK-725-A4,48,IN,H,UTAMA,UTAMA,2026-10-06,kalindosukses4@gmail.com,COMPLETED,false,,2026-10-06T04:41:01.498+00:00,,
32cf6324-21a5-4a5a-82a5-c4427d7f8e5c,2026-10-06,11.40.13,BOOK-SCPP-2800-16K,100,IN,H,UTAMA,UTAMA,2026-10-06,kalindosukses4@gmail.com,COMPLETED,false,,2026-10-06T04:41:01.499+00:00,,
8d248c1c-2729-4f0b-b1f5-c9314d302594,2026-10-06,11.40.13,BOOK-NB-739/PL,72,IN,H,UTAMA,UTAMA,2026-10-06,kalindosukses4@gmail.com,COMPLETED,false,,2026-10-06T04:41:01.499+00:00,,
ac357417-d438-4510-8ccc-9f66de00ce5f,2026-10-06,11.40.13,BOOK-NB-748/PASTELPURPLE-B5,64,IN,H,UTAMA,UTAMA,2026-10-06,kalindosukses4@gmail.com,COMPLETED,false,,2026-10-06T04:41:01.5+00:00,,
d7691e34-e8ce-4b4b-b9f4-b18b2c33295e,2026-10-06,11.40.13,BOOK-PAD-1001,36,IN,H,UTAMA,UTAMA,2026-10-06,kalindosukses4@gmail.com,COMPLETED,false,,2026-10-06T04:41:01.502+00:00,,
239c6179-c5a7-4051-9660-8f6e916c688a,2026-10-06,11.40.13,BOOK-SKPP-2700-A5,48,IN,H,UTAMA,UTAMA,2026-10-06,kalindosukses4@gmail.com,COMPLETED,false,,2026-10-06T04:41:02.514+00:00,,
86e0df4c-a6ec-4320-8f21-3c483a2e4aab,2026-10-06,11.40.13,DOCUMENTTRAY-DT-41,30,IN,H,UTAMA,UTAMA,2026-10-06,kalindosukses4@gmail.com,COMPLETED,false,,2026-10-06T04:41:02.522+00:00,,
853fdb2f-045b-4eef-b073-fc06697ca793,2026-10-06,11.40.13,DOCUMENTTRAY-DT-31,60,IN,H,UTAMA,UTAMA,2026-10-06,kalindosukses4@gmail.com,COMPLETED,false,,2026-10-06T04:41:02.525+00:00,,
7453d747-0953-4724-a168-5fe447747e5b,2026-10-06,11.40.13,DOCUMENTTRAY-DT-25,60,IN,H,UTAMA,UTAMA,2026-10-06,kalindosukses4@gmail.com,COMPLETED,false,,2026-10-06T04:41:02.56+00:00,,
9edb6feb-d977-4288-97ea-d704766cc1d0,2026-10-06,11.40.13,ERASER-WE-4/1PC,480,IN,H,UTAMA,UTAMA,2026-10-06,kalindosukses4@gmail.com,COMPLETED,false,,2026-10-06T04:41:02.561+00:00,,
1394eece-183d-408c-bd4e-ac0a68b1ff13,2026-10-06,11.40.13,CUTTER-TC-111A,144,IN,H,UTAMA,UTAMA,2026-10-06,kalindosukses4@gmail.com,COMPLETED,false,,2026-10-06T04:41:03.525+00:00,,
bb33bd10-9f78-41b8-9b1d-94dbf7355d63,2026-10-06,11.40.13,CUTTER-TD-102,48,IN,H,UTAMA,UTAMA,2026-10-06,kalindosukses4@gmail.com,COMPLETED,false,,2026-10-06T04:41:03.529+00:00,,
d36e51b3-3aae-436a-8f5b-61b8427a0cc3,2026-10-06,11.40.13,HOOK-ADHK-3040,320,IN,H,UTAMA,UTAMA,2026-10-06,kalindosukses4@gmail.com,COMPLETED,false,,2026-10-06T04:41:03.529+00:00,,
21e5e39d-a06f-4766-9f09-430fa2d551db,2026-10-06,11.40.13,HOOK-ADHK-3010,320,IN,H,UTAMA,UTAMA,2026-10-06,kalindosukses4@gmail.com,COMPLETED,false,,2026-10-06T04:41:03.531+00:00,,
a6ec2ee7-b377-419a-8b9e-26b15ae30b56,2026-10-06,11.40.13,HOOK-ADHK-3070,320,IN,H,UTAMA,UTAMA,2026-10-06,kalindosukses4@gmail.com,COMPLETED,false,,2026-10-06T04:41:03.532+00:00,,
4ad23db2-bc63-4c06-8bc5-2af508c6d182,2026-10-06,11.40.13,HOOK-ADHK-3080,320,IN,H,UTAMA,UTAMA,2026-10-06,kalindosukses4@gmail.com,COMPLETED,false,,2026-10-06T04:41:04.526+00:00,,
b60358a1-f27a-4dd5-8c2f-8e1d408994c3,2026-10-06,11.40.13,HOOK-ADHK-3090,320,IN,H,UTAMA,UTAMA,2026-10-06,kalindosukses4@gmail.com,COMPLETED,false,,2026-10-06T04:41:04.54+00:00,,
ee803622-9340-4101-9658-93d31b541778,2026-10-06,11.50.54,CABLETIES-CBT-9/BLUE,250,OUT,TRANSFER,TEMP-C,TEMP-C,2026-10-06,System (Tarik Fisik),COMPLETED,false,BOX_COUNT:1,2026-10-06T04:50:55.704+00:00,,
535741d2-8450-44f8-9897-2e7047e5a43d,2026-10-06,11.50.54,CABLETIES-CBT-9/BLUE,250,IN,TRANSFER,C3,C3,2026-10-06,System (Tarik Fisik),COMPLETED,false,BOX_COUNT:1,2026-10-06T04:50:56.704+00:00,,
c11932b4-6b22-41cf-94d0-4e888d5b69f3,2026-10-06,11.50.54,CABLETIES-CBT-9/BLUE,250,MOVE,VERIFY,C3,C3,2026-10-06,jaenalperdana33@gmail.com,COMPLETED,false,BOX_COUNT:1,2026-10-06T04:50:58.056906+00:00,,
96a31fcf-d79b-4ca1-8495-8673db4ff8f4,2026-10-06,12.11.14,PAINT-ACC-30ML/COBALTBLUE,24,OUT,A,ECER-N,ECER-N,2026-05-08,putraa0070@gmail.com,COMPLETED,false,,2026-10-06T05:13:08.242693+00:00,,
975ab0e1-ccb0-4eef-bdb2-96452ed1d168,2026-10-06,12.12.46,PAINT-ACC-30ML/BROWN,24,OUT,A,UTAMA,UTAMA,2025-02-05,putraa0070,COMPLETED,false,,2026-10-06T05:13:08.242693+00:00,,
d5495251-3112-468d-a41e-c2a2dff03ff1,2026-10-06,12.18.11,CUTTER-CU-0526/PURPLE,864,OUT,TRANSFER,TEMP-C,TEMP-C,2026-10-06,System (Tarik Fisik),COMPLETED,false,BOX_COUNT:1,2026-10-06T05:18:12.204+00:00,,
35f4e73d-90d2-4828-b6d2-ec7e3553b26a,2026-10-06,12.18.11,CUTTER-CU-0526/PURPLE,864,MOVE,VERIFY,C2,C2,2026-10-06,laelalaika340@gmail.com,COMPLETED,false,BOX_COUNT:2,2026-10-06T05:18:12.954049+00:00,,
dad4c218-4fa9-4229-927a-a6dac66d5dcf,2026-10-06,12.18.11,CUTTER-CU-0526/PURPLE,864,IN,TRANSFER,C2,C2,2026-10-06,System (Tarik Fisik),COMPLETED,false,BOX_COUNT:1,2026-10-06T05:18:13.204+00:00,,
abbc85d8-ecfb-46f4-a447-75d867ff36d8,2026-10-06,12.20.15,CABLETIES-CBT-11/BLACK,200,OUT,TRANSFER,TEMP-C,TEMP-C,2026-10-06,System (Tarik Fisik),COMPLETED,false,BOX_COUNT:2,2026-10-06T05:20:16.851+00:00,,
c204afd8-97a0-4f73-aabe-19698b8ab62a,2026-10-06,12.20.15,CABLETIES-CBT-11/BLACK,200,MOVE,VERIFY,C3,C3,2026-10-06,laelalaika340@gmail.com,COMPLETED,false,BOX_COUNT:4,2026-10-06T05:20:17.818549+00:00,,
c3df7360-abc3-4556-9212-ab7fc49a4199,2026-10-06,12.20.15,CABLETIES-CBT-11/BLACK,200,IN,TRANSFER,C3,C3,2026-10-06,System (Tarik Fisik),COMPLETED,false,BOX_COUNT:2,2026-10-06T05:20:17.851+00:00,,
c5af6adf-cf74-40d6-a508-afe050857e69,2026-10-06,12.21.39,CABLETIES-CBT-10,200,OUT,TRANSFER,TEMP-C,TEMP-C,2026-10-06,System (Tarik Fisik),COMPLETED,false,BOX_COUNT:1,2026-10-06T05:21:40.113+00:00,,
036e1fd1-ccd1-4a87-8b91-ae6bac62c48d,2026-10-06,12.21.39,CABLETIES-CBT-10,200,IN,TRANSFER,C3,C3,2026-10-06,System (Tarik Fisik),COMPLETED,false,BOX_COUNT:1,2026-10-06T05:21:41.113+00:00,,
c297a105-3bc2-42ad-ae77-f43e76c387a6,2026-10-06,12.21.39,CABLETIES-CBT-10,200,MOVE,VERIFY,C3,C3,2026-10-06,laelalaika340@gmail.com,COMPLETED,false,BOX_COUNT:2,2026-10-06T05:21:52.721071+00:00,,
3574ce67-8bb9-4ed8-a5f8-f97e5f2876de,2026-10-06,12.22.20,CABLETIES-CBT-11/RED,200,OUT,TRANSFER,TEMP-C,TEMP-C,2026-10-06,System (Tarik Fisik),COMPLETED,false,BOX_COUNT:2,2026-10-06T05:22:21.2+00:00,,
11cbc15f-7ea5-4d17-a702-44012852c5cf,2026-10-06,12.22.20,CABLETIES-CBT-11/RED,200,IN,TRANSFER,C3,C3,2026-10-06,System (Tarik Fisik),COMPLETED,false,BOX_COUNT:2,2026-10-06T05:22:22.2+00:00,,
ef3985c8-6f6c-461a-afa0-41dbdd5acdfa,2026-10-06,12.22.20,CABLETIES-CBT-11/RED,200,MOVE,VERIFY,C3,C3,2026-10-06,laelalaika340@gmail.com,COMPLETED,false,BOX_COUNT:4,2026-10-06T05:22:26.01125+00:00,,
6c0f3e3a-009f-4cea-a60b-15092373739a,2026-10-06,12.22.12,MARKER-ARMK-66-40,24,IN,H,UTAMA,UTAMA,2026-10-06,kalindosukses4@gmail.com,COMPLETED,false,,2026-10-06T05:22:28.352+00:00,,
a8c9cee6-1e04-447b-b205-0dd3abef6d91,2026-10-06,12.22.12,BAG-DCB-36/B4,120,IN,H,UTAMA,UTAMA,2026-10-06,kalindosukses4@gmail.com,COMPLETED,false,,2026-10-06T05:22:28.357+00:00,,
26c9f7b8-b907-4677-b612-c508af2f5456,2026-10-06,12.22.12,BAG-DCB-33/A5,240,IN,H,UTAMA,UTAMA,2026-10-06,kalindosukses4@gmail.com,COMPLETED,false,,2026-10-06T05:22:28.361+00:00,,
74bdd33b-e750-43e6-8ffa-5b9bd06d314c,2026-10-06,12.22.12,MARKER-ARMK-66-60,16,IN,H,UTAMA,UTAMA,2026-10-06,kalindosukses4@gmail.com,COMPLETED,false,,2026-10-06T05:22:28.369+00:00,,
af7d42d9-b05a-44f8-a7f0-1fe539449f59,2026-10-06,12.22.12,TUMBLER-TB-155/WHITE,24,IN,H,UTAMA,UTAMA,2026-10-06,kalindosukses4@gmail.com,COMPLETED,false,,2026-10-06T05:22:28.889+00:00,,
0ba3339b-35a9-493b-bb5d-dd71b06c9725,2026-10-06,12.22.12,UMBRELLAHOLDER-UMHD-73,7,IN,H,UTAMA,UTAMA,2026-10-06,kalindosukses4@gmail.com,COMPLETED,false,,2026-10-06T05:22:29.637+00:00,,
45f19902-59e5-4369-8aec-afb8e813d683,2026-10-06,12.22.12,PENCILCASE-PC-5034,192,IN,H,UTAMA,UTAMA,2026-10-06,kalindosukses4@gmail.com,COMPLETED,false,,2026-10-06T05:22:29.638+00:00,,
488cfa96-445e-4ee2-8f36-96b38faf8c48,2026-10-06,12.22.12,NAMETAG-NT-81/WHITE,300,IN,H,UTAMA,UTAMA,2026-10-06,kalindosukses4@gmail.com,COMPLETED,false,,2026-10-06T05:22:29.638+00:00,,
833cf2a0-0100-42a0-b988-a82af7e9c309,2026-10-06,12.22.12,PENCIL-P-118/2B/1BOX/12PCS,24,IN,H,UTAMA,UTAMA,2026-10-06,kalindosukses4@gmail.com,COMPLETED,false,,2026-10-06T05:22:29.645+00:00,,
aca70539-e807-459e-b984-807734ec6f44,2026-10-06,12.22.12,PENCILCASE-PC-5035,60,IN,H,UTAMA,UTAMA,2026-10-06,kalindosukses4@gmail.com,COMPLETED,false,,2026-10-06T05:22:29.662+00:00,,
b05a6173-e91b-463f-9ef2-a6e49eb8a4cf,2026-10-06,12.22.12,HOOK-ADHK-3140,320,IN,H,UTAMA,UTAMA,2026-10-06,kalindosukses4@gmail.com,COMPLETED,false,,2026-10-06T05:22:30.244+00:00,,
e51d0ccb-b15b-4690-a4f8-767ec955d514,2026-10-06,12.22.12,HOOK-ADHK-3180,384,IN,H,UTAMA,UTAMA,2026-10-06,kalindosukses4@gmail.com,COMPLETED,false,,2026-10-06T05:22:30.257+00:00,,
88e63713-95e1-4565-bd60-829121a9f59f,2026-10-06,12.22.12,HOOK-ADHK-3120,320,IN,H,UTAMA,UTAMA,2026-10-06,kalindosukses4@gmail.com,COMPLETED,false,,2026-10-06T05:22:30.262+00:00,,
4e52c26a-2b94-4d2e-931b-942e81021207,2026-10-06,12.22.12,FILE-EF-12/PPURPLE,80,IN,H,UTAMA,UTAMA,2026-10-06,kalindosukses4@gmail.com,COMPLETED,false,,2026-10-06T05:22:30.263+00:00,,
20ba9b53-d56d-4239-bc9d-8887f1eb8cb7,2026-10-06,12.22.12,FILE-EF-16/BLUE,48,IN,H,UTAMA,UTAMA,2026-10-06,kalindosukses4@gmail.com,COMPLETED,false,,2026-10-06T05:22:30.267+00:00,,
291e5906-2f01-46c5-9368-02ac97f17971,2026-10-06,12.22.12,HANDPUMP-HNPM-1330,180,IN,H,UTAMA,UTAMA,2026-10-06,kalindosukses4@gmail.com,COMPLETED,false,,2026-10-06T05:22:32.196+00:00,,
c670a77b-27b1-4af0-8764-9e723d2e1a02,2026-10-06,12.22.12,CUTTER-A-300A/PURPLE,576,IN,H,UTAMA,UTAMA,2026-10-06,kalindosukses4@gmail.com,COMPLETED,false,,2026-10-06T05:22:32.199+00:00,,
6cf53d26-f484-4976-acbf-d5fae5f92b2c,2026-10-06,12.22.12,HIGHLIGHTER-HL-4,720,IN,H,UTAMA,UTAMA,2026-10-06,kalindosukses4@gmail.com,COMPLETED,false,,2026-10-06T05:22:32.2+00:00,,
f90fa4d6-47aa-4c9b-8fb6-a700d804cdbe,2026-10-06,12.22.12,FASTENER-PF-50W,100,IN,H,UTAMA,UTAMA,2026-10-06,kalindosukses4@gmail.com,COMPLETED,false,,2026-10-06T05:22:32.202+00:00,,
acca6ab0-16b7-47f3-bc2f-35abaf895c2a,2026-10-06,12.22.12,FILE-EF-8F4/PBLUE,36,IN,H,UTAMA,UTAMA,2026-10-06,kalindosukses4@gmail.com,COMPLETED,false,,2026-10-06T05:22:32.208+00:00,,
0f23903b-ec7c-4f0c-967c-8f0e321b5f03,2026-10-06,12.22.12,CUTTER-CU-15BC,288,IN,H,UTAMA,UTAMA,2026-10-06,kalindosukses4@gmail.com,COMPLETED,false,,2026-10-06T05:22:33.165+00:00,,
9df72ea7-cf03-4eb5-b921-cfd11d50d958,2026-10-06,12.22.12,CUTTER-PC-3038/B4,5,IN,H,UTAMA,UTAMA,2026-10-06,kalindosukses4@gmail.com,COMPLETED,false,,2026-10-06T05:22:33.165+00:00,,
fe63d431-9dce-4a3e-b5fd-87cd424e1433,2026-10-06,12.22.12,SHARPENER-1BOX/SP-362,540,IN,H,UTAMA,UTAMA,2026-10-06,kalindosukses4@gmail.com,COMPLETED,false,,2026-10-06T05:22:33.221+00:00,,
69122139-cfdd-46d0-bb04-7fed980970a1,2026-10-06,12.22.12,CUTTER-CU-0512,576,IN,H,UTAMA,UTAMA,2026-10-06,kalindosukses4@gmail.com,COMPLETED,false,,2026-10-06T05:22:33.223+00:00,,
b38d22d9-71c0-44cb-86c0-9d0480f2423f,2026-10-06,12.22.12,RULER-RL-ST60,480,IN,H,UTAMA,UTAMA,2026-10-06,kalindosukses4@gmail.com,COMPLETED,false,,2026-10-06T05:22:33.233+00:00,,
50b99d0e-6445-4d74-8f6b-6c6c2bc9e4e3,2026-10-06,12.22.12,STAPLES-No.10-1M/20BXS/1PACK,250,IN,H,UTAMA,UTAMA,2026-10-06,kalindosukses4@gmail.com,COMPLETED,false,,2026-10-06T05:22:33.959+00:00,,
86940873-6e51-455b-a049-18d67287deec,2026-10-06,12.22.12,PENCIL-MPS-59/1SET,288,IN,H,UTAMA,UTAMA,2026-10-06,kalindosukses4@gmail.com,COMPLETED,false,,2026-10-06T05:22:33.961+00:00,,
dc34e222-916e-489c-a02e-8ada33354048,2026-10-06,12.22.12,DESKSET-DS-16PTL/PASTELPINK,96,IN,H,UTAMA,UTAMA,2026-10-06,kalindosukses4@gmail.com,COMPLETED,false,,2026-10-06T05:22:33.974+00:00,,
16e1ceac-fa89-4392-a328-1d183818d894,2026-10-06,12.22.12,SHARPENER-1BOX/SP-362PTL,540,IN,H,UTAMA,UTAMA,2026-10-06,kalindosukses4@gmail.com,COMPLETED,false,,2026-10-06T05:22:34.02+00:00,,
ec1e1b67-580d-48c6-b5e4-2042d0bb928c,2026-10-06,12.22.12,DESKSET-DS-19,24,IN,H,UTAMA,UTAMA,2026-10-06,kalindosukses4@gmail.com,COMPLETED,false,,2026-10-06T05:22:34.1+00:00,,
25998647-eee0-4d2c-89e3-5693ac86ce7a,2026-10-06,12.22.12,DESKSET-DS-20PTL/PASTELPINK,24,IN,H,UTAMA,UTAMA,2026-10-06,kalindosukses4@gmail.com,COMPLETED,false,,2026-10-06T05:22:35.787+00:00,,
91d83060-82e1-4ed3-bdcf-16936db7ac1a,2026-10-06,12.22.12,BOXFILE-BOF-66,12,IN,H,UTAMA,UTAMA,2026-10-06,kalindosukses4@gmail.com,COMPLETED,false,,2026-10-06T05:22:35.817+00:00,,
51c211c0-3ae6-459c-a9f9-34ebba2339ff,2026-10-06,12.22.12,DESKSET-DS-20,24,IN,H,UTAMA,UTAMA,2026-10-06,kalindosukses4@gmail.com,COMPLETED,false,,2026-10-06T05:22:35.863+00:00,,
5ce47761-8aed-44cf-a21f-3171e92ef16f,2026-10-06,12.22.12,DESKSET-DS-21,24,IN,H,UTAMA,UTAMA,2026-10-06,kalindosukses4@gmail.com,COMPLETED,false,,2026-10-06T05:22:35.934+00:00,,
b15a9fc8-eb82-4b8e-92aa-65be6fb1e5ad,2026-10-06,12.22.12,DESKSET-DS-22,12,IN,H,UTAMA,UTAMA,2026-10-06,kalindosukses4@gmail.com,COMPLETED,false,,2026-10-06T05:22:35.934+00:00,,
1229040d-e151-4b8b-bf39-f8e4c7d50b70,2026-10-06,12.22.12,BOX-MSBX-183M,30,IN,H,UTAMA,UTAMA,2026-10-06,kalindosukses4@gmail.com,COMPLETED,false,,2026-10-06T05:22:36.752+00:00,,
1f025eeb-50e6-49a0-95c4-2e9257cf8f92,2026-10-06,12.22.12,BOOK-WLPP-2500/A6,120,IN,H,UTAMA,UTAMA,2026-10-06,kalindosukses4@gmail.com,COMPLETED,false,,2026-10-06T05:22:36.761+00:00,,
4dd5cc5e-117e-4dc8-ba44-2e08aac7ad64,2026-10-06,12.22.12,BOOK-WLBK-2600-A5,48,IN,H,UTAMA,UTAMA,2026-10-06,kalindosukses4@gmail.com,COMPLETED,false,,2026-10-06T05:22:36.78+00:00,,
cdeb2294-dfd3-4da1-b587-cd6ddacb87fe,2026-10-06,12.22.12,BOX-STBX-182-4WHITE,30,IN,H,UTAMA,UTAMA,2026-10-06,kalindosukses4@gmail.com,COMPLETED,false,,2026-10-06T05:22:36.814+00:00,,
0d6fd539-04e0-437d-9b41-b58c39cdef7c,2026-10-06,12.22.12,BOXFILE-BOF-14/WHITE,24,IN,H,UTAMA,UTAMA,2026-10-06,kalindosukses4@gmail.com,COMPLETED,false,,2026-10-06T05:22:36.902+00:00,,
0d502990-b1bf-4c4a-901c-3ad8025e3f79,2026-10-06,12.22.12,BOX-STBX-182-5WHITE,24,IN,H,UTAMA,UTAMA,2026-10-06,kalindosukses4@gmail.com,COMPLETED,false,,2026-10-06T05:22:37.431+00:00,,
b1e69fe5-5976-40ba-a7ae-711eb964d3e3,2026-10-06,12.22.12,CASHBOX-CB-30B/BLUE,10,IN,H,UTAMA,UTAMA,2026-10-06,kalindosukses4@gmail.com,COMPLETED,false,,2026-10-06T05:22:37.453+00:00,,
9a76c486-7271-46b2-90cc-25da96c6c98b,2026-10-06,12.22.12,CASHBOX-CB-30B/BLACK,10,IN,H,UTAMA,UTAMA,2026-10-06,kalindosukses4@gmail.com,COMPLETED,false,,2026-10-06T05:22:37.454+00:00,,
6f7d8e3d-9291-4de1-b41b-8b02cc51eb45,2026-10-06,12.23.36,CABLETIES-CBT-11/BLUE,100,OUT,TRANSFER,TEMP-C,TEMP-C,2026-10-06,System (Tarik Fisik),COMPLETED,false,BOX_COUNT:1,2026-10-06T05:23:37.182+00:00,,
22a2a88c-7520-4d0e-8508-2b96dc56ce00,2026-10-06,12.23.36,CABLETIES-CBT-11/BLUE,100,MOVE,VERIFY,C3,C3,2026-10-06,laelalaika340@gmail.com,COMPLETED,false,BOX_COUNT:2,2026-10-06T05:23:37.825461+00:00,,
ddff741a-7299-4e9d-ba0f-afeb3406c13a,2026-10-06,12.23.36,CABLETIES-CBT-11/BLUE,100,IN,TRANSFER,C3,C3,2026-10-06,System (Tarik Fisik),COMPLETED,false,BOX_COUNT:1,2026-10-06T05:23:38.182+00:00,,
7c27ce2e-33a7-446e-a804-a2faf20aec26,2026-10-06,12.23.49,CABLETIES-CBT-11/YELLOW,100,OUT,TRANSFER,TEMP-C,TEMP-C,2026-10-06,System (Tarik Fisik),COMPLETED,false,BOX_COUNT:1,2026-10-06T05:23:50.643+00:00,,
d491a2fa-ed59-4877-bd23-4567d9e6d2e8,2026-10-06,12.23.49,CABLETIES-CBT-11/YELLOW,100,MOVE,VERIFY,C3,C3,2026-10-06,laelalaika340@gmail.com,COMPLETED,false,BOX_COUNT:2,2026-10-06T05:23:51.205051+00:00,,
1fd3b83a-7238-4059-83d1-a3075425fc71,2026-10-06,12.23.49,CABLETIES-CBT-11/YELLOW,100,IN,TRANSFER,C3,C3,2026-10-06,System (Tarik Fisik),COMPLETED,false,BOX_COUNT:1,2026-10-06T05:23:51.643+00:00,,
eb19ae11-2d3d-44fa-8e0d-547ca5aaa475,2026-10-06,12.24.17,CABLETIES-CBT-11/GREEN,200,OUT,TRANSFER,TEMP-C,TEMP-C,2026-10-06,System (Tarik Fisik),COMPLETED,false,BOX_COUNT:2,2026-10-06T05:24:18.191+00:00,,
9f5435b0-2956-4862-aeb1-1b59718b557a,2026-10-06,12.24.17,CABLETIES-CBT-11/GREEN,200,MOVE,VERIFY,C3,C3,2026-10-06,laelalaika340@gmail.com,COMPLETED,false,BOX_COUNT:4,2026-10-06T05:24:18.819549+00:00,,
0519a85e-236c-45d0-a3eb-ccfe28a9b7e7,2026-10-06,12.24.17,CABLETIES-CBT-11/GREEN,200,IN,TRANSFER,C3,C3,2026-10-06,System (Tarik Fisik),COMPLETED,false,BOX_COUNT:2,2026-10-06T05:24:19.191+00:00,,
b269af7c-9e31-4f82-91f3-13f369adae95,2026-10-06,12.25.12,CABLETIES-CBT-12,200,OUT,TRANSFER,TEMP-C,TEMP-C,2026-10-06,System (Tarik Fisik),COMPLETED,false,BOX_COUNT:2,2026-10-06T05:25:13.415+00:00,,
0b48bf9c-2c96-42f6-950c-d99e5ddbfe97,2026-10-06,12.25.12,CABLETIES-CBT-12,200,IN,TRANSFER,C3,C3,2026-10-06,System (Tarik Fisik),COMPLETED,false,BOX_COUNT:2,2026-10-06T05:25:14.415+00:00,,
6ce4587a-4402-41fa-bf06-d291bdf48343,2026-10-06,12.25.12,CABLETIES-CBT-12,200,MOVE,VERIFY,C3,C3,2026-10-06,laelalaika340@gmail.com,COMPLETED,false,BOX_COUNT:4,2026-10-06T05:25:14.482152+00:00,,
7a67ec30-98af-4f62-b095-b34d8fb357fa,2026-10-06,12.27.01,CABLETIES-CBT-10/RED,400,OUT,TRANSFER,TEMP-C,TEMP-C,2026-10-06,System (Tarik Fisik),COMPLETED,false,BOX_COUNT:1,2026-10-06T05:27:02.873+00:00,,
190284e5-9814-43c2-a9b0-b9cdedb95a1a,2026-10-06,12.27.01,CABLETIES-CBT-10/RED,400,IN,TRANSFER,C3,C3,2026-10-06,System (Tarik Fisik),COMPLETED,false,BOX_COUNT:1,2026-10-06T05:27:03.873+00:00,,
6605f603-3830-4246-994a-75029a7b75a1,2026-10-06,12.27.01,CABLETIES-CBT-10/RED,400,MOVE,VERIFY,C3,C3,2026-10-06,laelalaika340@gmail.com,COMPLETED,false,BOX_COUNT:2,2026-10-06T05:27:03.922992+00:00,,
37c35b9f-486e-4f40-8066-cb3721daff02,2026-10-06,12.36.19,CABLETIES-CBT-11,200,OUT,TRANSFER,UTAMA,UTAMA,2026-10-06,Johan Gilbeth,COMPLETED,false,,2026-10-06T05:36:19.494+00:00,,
f1ad0aab-dc78-4b51-8c3f-a7fa90e9cdc8,2026-10-06,12.36.19,CABLETIES-CBT-11,200,IN,TRANSFER,TEMP-C,TEMP-C,2026-10-06,Johan Gilbeth,COMPLETED,false,,2026-10-06T05:36:19.594+00:00,,
4f98aba9-7a25-4ad6-9b88-274188e18d21,2026-10-06,12.40.41,CABLETIES-CBT-11,300,OUT,TRANSFER,TEMP-C,TEMP-C,2026-10-06,System (Tarik Fisik),COMPLETED,false,BOX_COUNT:3,2026-10-06T05:40:42.995+00:00,,
1e538427-df87-4e53-9cd6-bb425f0b8e09,2026-10-06,12.40.41,CABLETIES-CBT-11,300,IN,TRANSFER,C3,C3,2026-10-06,System (Tarik Fisik),COMPLETED,false,BOX_COUNT:3,2026-10-06T05:40:43.995+00:00,,
fd31d63c-829d-4a0d-89e7-8076b2adf42a,2026-10-06,12.40.41,CABLETIES-CBT-11,300,MOVE,VERIFY,C3,C3,2026-10-06,jaenalperdana33@gmail.com,COMPLETED,false,BOX_COUNT:3,2026-10-06T05:40:48.813543+00:00,,
b5b973b0-ac2e-48d8-8949-213f595ac37a,2026-10-06,12.43.50,CORRECTION-CF-P231,576,OUT,TRANSFER,TEMP-C,TEMP-C,2026-10-06,System (Tarik Fisik),COMPLETED,false,BOX_COUNT:1,2026-10-06T05:43:51.324+00:00,,
7b7a80af-371f-439f-808d-6d475ca3d283,2026-10-06,12.43.50,CORRECTION-CF-P231,576,MOVE,VERIFY,C4,C4,2026-10-06,laelalaika340@gmail.com,COMPLETED,false,BOX_COUNT:2,2026-10-06T05:43:52.152976+00:00,,
2841f6a0-9281-474e-ab49-71bde01072c5,2026-10-06,12.43.50,CORRECTION-CF-P231,576,IN,TRANSFER,C4,C4,2026-10-06,System (Tarik Fisik),COMPLETED,false,BOX_COUNT:1,2026-10-06T05:43:52.324+00:00,,
0c2e3729-c46b-4352-8227-fa5998ac1480,2026-10-06,12.44.16,CORRECTION-1BOX/CF-S245,48,OUT,TRANSFER,TEMP-C,TEMP-C,2026-10-06,System (Tarik Fisik),COMPLETED,false,BOX_COUNT:1,2026-10-06T05:44:17.137+00:00,,
1215b767-200f-484c-b24e-e69fb425ffa0,2026-10-06,12.44.16,CORRECTION-1BOX/CF-S245,48,IN,TRANSFER,C4,C4,2026-10-06,System (Tarik Fisik),COMPLETED,false,BOX_COUNT:1,2026-10-06T05:44:18.137+00:00,,
79d38ffa-af0c-4c45-bf4d-eb59d7fac3ac,2026-10-06,12.44.16,CORRECTION-1BOX/CF-S245,48,MOVE,VERIFY,C4,C4,2026-10-06,laelalaika340@gmail.com,COMPLETED,false,BOX_COUNT:3,2026-10-06T05:44:18.289397+00:00,,
36fc80ea-99bb-4281-9606-ba97af09113a,2026-10-06,12.44.52,CORRECTION-1BOX/CF-S227,48,OUT,TRANSFER,TEMP-C,TEMP-C,2026-10-06,System (Tarik Fisik),COMPLETED,false,BOX_COUNT:2,2026-10-06T05:44:53.431+00:00,,
b45106d4-16fa-4f67-afc6-1118c95d3c52,2026-10-06,12.44.52,CORRECTION-1BOX/CF-S227,48,MOVE,VERIFY,C4,C4,2026-10-06,laelalaika340@gmail.com,COMPLETED,false,BOX_COUNT:4,2026-10-06T05:44:54.033959+00:00,,
e791803d-f9c9-4778-b0a9-9850f668065f,2026-10-06,12.44.52,CORRECTION-1BOX/CF-S227,48,IN,TRANSFER,C4,C4,2026-10-06,System (Tarik Fisik),COMPLETED,false,BOX_COUNT:2,2026-10-06T05:44:54.431+00:00,,
449564af-13b3-43b3-9ed3-2274c2fb0a8a,2026-10-06,12.45.31,CORRECTION-CF-S227,1152,OUT,TRANSFER,TEMP-C,TEMP-C,2026-10-06,System (Tarik Fisik),COMPLETED,false,BOX_COUNT:2,2026-10-06T05:45:32.833+00:00,,
391c2964-6c1f-4cc7-80c2-5f6238d8d5bf,2026-10-06,12.45.31,CORRECTION-CF-S227,1152,MOVE,VERIFY,C4,C4,2026-10-06,laelalaika340@gmail.com,COMPLETED,false,BOX_COUNT:4,2026-10-06T05:45:33.651731+00:00,,
7142102f-9649-428a-a7fc-67c85bb27ee0,2026-10-06,12.45.31,CORRECTION-CF-S227,1152,IN,TRANSFER,C4,C4,2026-10-06,System (Tarik Fisik),COMPLETED,false,BOX_COUNT:2,2026-10-06T05:45:33.833+00:00,,
758e602a-19ec-4a1c-9ae6-560bd3ef18e3,2026-10-06,12.20.27,MARKER-1BOX/PM-76/BLACK,60,OUT,AC,F11,F11,2026-09-29,rianambong,COMPLETED,false,,2026-10-06T05:46:13.456653+00:00,,
99cac5a4-f79e-46a6-b2c8-8f8554b7e567,2026-10-06,12.20.27,CLIP-475/1DRUM/200PCS,96,OUT,AC,B18,B18,2026-09-28,rianambong@gmail.com,COMPLETED,false,,2026-10-06T05:46:13.456653+00:00,,
ead7b000-5b85-4399-8285-439a1e959405,2026-10-06,12.20.27,FLASHLIGHT-FL-93,192,OUT,AC,F1,F1,2026-09-21,rianambong,COMPLETED,false,,2026-10-06T05:46:13.456653+00:00,,
ebf10eb6-2e6b-4fd6-a2ef-362ad6b66582,2026-10-06,12.20.27,ERASER-ER-160/1SET/3PCS,192,OUT,AC,D2,D2,2026-09-28,rianambong,COMPLETED,false,,2026-10-06T05:46:13.456653+00:00,,
f0b30c7f-e138-4605-a101-cabdb76528d0,2026-10-06,12.20.27,SHARPENER-B-189/1PC,144,OUT,AC,K18,K18,2026-09-12,rianambong,COMPLETED,false,,2026-10-06T05:46:13.456653+00:00,,
16db576b-c5bc-4b77-8488-53bcf9446a20,2026-10-06,12.25.12,CALCULATOR-CC-8BP/PINK,40,OUT,AC,LORONG-UTAMA,LORONG-UTAMA,2026-10-05,rianambong,COMPLETED,false,,2026-10-06T05:46:13.885318+00:00,,
25751633-4ab4-43c1-a60b-384f7fa5bf4e,2026-10-06,12.20.27,SCISSORS-SC-848,144,OUT,AC,K19,K19,2026-10-02,rianambong,COMPLETED,false,,2026-10-06T05:46:13.885318+00:00,,
260c3801-0154-40f7-a4e6-96b8b272f9f8,2026-10-06,12.20.27,LOOSELEAF-A5-101CO-50/RED,192,OUT,AC,F17,F17,2026-10-05,rianambong,COMPLETED,false,,2026-10-06T05:46:13.885318+00:00,,
9294cb0f-45f3-4d71-8601-38c792f77ae5,2026-10-06,12.23.28,PAPERSHREDDER-SHD-06,2,OUT,AC,LORONG-6,LORONG-6,2026-09-23,rianambong,COMPLETED,false,,2026-10-06T05:46:13.885318+00:00,,
bdcc2ed0-1fa5-4670-a524-d7e5e29fe03c,2026-10-06,12.23.45,CALCULATOR-CC-868CH,20,OUT,AC,G5,G5,2026-10-05,rianambong,COMPLETED,false,,2026-10-06T05:46:13.885318+00:00,,
b7c0682c-57ea-4230-8e36-96db3519d290,2026-10-06,12.31.39,CLIP-NO.1P/1BOX/100PCS,100,OUT,AC,B2,B2,2026-09-30,rianambong,COMPLETED,false,,2026-10-06T05:46:16.495943+00:00,,
d11bc347-837c-454b-8f51-9c82c6f64722,2026-10-06,12.26.49,BOOK-NB-737B58/1PACK/SNACK,16,OUT,AC,LANTAI 2,LANTAI 2,2026-08-10,rianambong,COMPLETED,false,,2026-10-06T05:46:16.495943+00:00,,
d442d1f7-6604-4935-a780-7ff772964ef8,2026-10-06,12.26.03,BOOK-NB-737A38/1PACK/SWEETIE,24,OUT,AC,LANTAI 2,LANTAI 2,2026-08-06,rianambong,COMPLETED,false,,2026-10-06T05:46:16.495943+00:00,,
e329ec48-e783-4952-b057-b2ee39d903cc,2026-10-06,12.26.15,BOOK-NB-737A38/1PACK/DESSERT,24,OUT,AC,LANTAI 2,LANTAI 2,2026-08-14,rianambong,COMPLETED,false,,2026-10-06T05:46:16.495943+00:00,,
ec607d9c-aeea-4c2a-bf12-85a64f897b79,2026-10-06,12.29.02,TAPE-CLOTHTAPE-CLT-04/35X10,80,OUT,AC,L22,L22,2026-09-25,rianambong,COMPLETED,false,,2026-10-06T05:46:16.495943+00:00,,
1b7efa9f-8e2a-4a53-9608-a95dbc3eeb0a,2026-10-06,12.42.17,PENCILCASE-PC0719PSTL35/BLUE,48,OUT,AC,LORONG-UTAMA,LORONG-UTAMA,2026-08-26,rianambong,COMPLETED,false,,2026-10-06T05:46:20.096849+00:00,,
4b38a6ba-f87d-417f-8be4-c4857f7ea5ff,2026-10-06,12.49.12,CORRECTION-CF-S225,432,OUT,TRANSFER,TEMP-C,TEMP-C,2026-10-06,System (Tarik Fisik),COMPLETED,false,BOX_COUNT:1,2026-10-06T05:49:13.774+00:00,,
8e248f26-1f8d-421b-b2ec-1660419c4511,2026-10-06,12.49.12,CORRECTION-CF-S225,432,IN,TRANSFER,C4,C4,2026-10-06,System (Tarik Fisik),COMPLETED,false,BOX_COUNT:1,2026-10-06T05:49:14.774+00:00,,
661039b9-7dc6-4c47-90dd-e12cc9ab7b0b,2026-10-06,12.49.12,CORRECTION-CF-S225,432,MOVE,VERIFY,C4,C4,2026-10-06,laelalaika340@gmail.com,COMPLETED,false,BOX_COUNT:2,2026-10-06T05:49:14.788958+00:00,,
1b211b49-6e5e-4112-a5b0-7491a2bda24d,2026-10-06,12.49.38,CORRECTION-CF-S201PT,576,OUT,TRANSFER,TEMP-C,TEMP-C,2026-10-06,System (Tarik Fisik),COMPLETED,false,BOX_COUNT:1,2026-10-06T05:49:39.293+00:00,,
f2c088c2-672e-4451-a95b-7355075753d2,2026-10-06,12.49.38,CORRECTION-CF-S201PT,576,IN,TRANSFER,C4,C4,2026-10-06,System (Tarik Fisik),COMPLETED,false,BOX_COUNT:1,2026-10-06T05:49:40.293+00:00,,
9e772e6b-ebee-4363-ae8d-50cf922251a6,2026-10-06,12.49.38,CORRECTION-CF-S201PT,576,MOVE,VERIFY,C4,C4,2026-10-06,laelalaika340@gmail.com,COMPLETED,false,BOX_COUNT:1,2026-10-06T05:49:41.542552+00:00,,
f1ee03b8-7494-4487-9f70-6e0a1ec641cf,2026-10-06,12.49.58,CORRECTION-CF-S226,1152,OUT,TRANSFER,TEMP-C,TEMP-C,2026-10-06,System (Tarik Fisik),COMPLETED,false,BOX_COUNT:2,2026-10-06T05:49:59.336+00:00,,
64d83e0c-f3fe-4082-aaaf-bcd11f9dd5ad,2026-10-06,12.49.58,CORRECTION-CF-S226,1152,MOVE,VERIFY,C4,C4,2026-10-06,laelalaika340@gmail.com,COMPLETED,false,BOX_COUNT:4,2026-10-06T05:50:00.253985+00:00,,
1c324923-26ee-498e-a537-f2a8b340357e,2026-10-06,12.49.58,CORRECTION-CF-S226,1152,IN,TRANSFER,C4,C4,2026-10-06,System (Tarik Fisik),COMPLETED,false,BOX_COUNT:2,2026-10-06T05:50:00.336+00:00,,
b76d2a4b-d523-492d-a860-6aca69c29cbf,2026-10-06,12.53.11,BOOK-NB-738-B50/1PACK/CLASSIC,16,OUT,AC,LANTAI 2,LANTAI 2,2026-09-29,rianambong,COMPLETED,false,,2026-10-06T05:53:08.000172+00:00,,
8b55a1dc-0c0e-4d6f-a487-82fcaf7d9813,2026-10-06,12.53.25,SCISSORS-SC-848SG,144,OUT,AC,K19,K19,2026-10-03,rianambong,COMPLETED,false,,2026-10-06T05:53:21.90153+00:00,,
8d9a58ef-4d5c-48e3-99ab-4f07ff1a2e63,2026-10-06,12.53.44,BOOK-NB-737A38/1PACK/DRENGINE,24,OUT,AC,ECER-O,ECER-O,2025-12-19,rianambong,COMPLETED,false,,2026-10-06T05:53:40.964487+00:00,,
117047ea-1086-4f96-ab21-5c644ec8b435,2026-10-06,12.57.37,CORRECTION-1BOX/CF-P235,120,OUT,TRANSFER,UTAMA,UTAMA,2026-10-06,Johan Gilbeth,COMPLETED,false,,2026-10-06T05:57:37.148+00:00,,
753ddec7-01c9-4fa9-bb99-f98c5490642c,2026-10-06,12.57.37,CORRECTION-1BOX/CF-P235,120,IN,TRANSFER,TEMP-C,TEMP-C,2026-10-06,Johan Gilbeth,COMPLETED,false,,2026-10-06T05:57:37.248+00:00,,
2a639421-8353-4879-9095-e53c17792b43,2026-10-06,12.57.37,CORRECTION-1BOX/CF-S209,72,OUT,TRANSFER,LORONG-2,LORONG-2,2026-10-06,Johan Gilbeth,COMPLETED,false,,2026-10-06T05:57:37.348+00:00,,
3ecaae35-7317-4d30-bc89-3544a1a4bc20,2026-10-06,12.57.37,CORRECTION-1BOX/CF-S209,72,IN,TRANSFER,TEMP-C,TEMP-C,2026-10-06,Johan Gilbeth,COMPLETED,false,,2026-10-06T05:57:37.448+00:00,,
439cd439-3d1d-432d-9a2d-8d46000dc94f,2026-10-06,12.57.37,CORRECTION-1BOX/CT-522PTL,60,OUT,TRANSFER,UTAMA,UTAMA,2026-10-06,Johan Gilbeth,COMPLETED,false,,2026-10-06T05:57:37.548+00:00,,
a4563ab8-5b5e-4cba-ad85-991150e6b43e,2026-10-06,12.57.37,CORRECTION-1BOX/CT-522PTL,60,IN,TRANSFER,TEMP-C,TEMP-C,2026-10-06,Johan Gilbeth,COMPLETED,false,,2026-10-06T05:57:37.648+00:00,,
7a92dd18-5cf4-4e2e-8c8f-cc70c34b2e60,2026-10-06,12.57.37,CORRECTION-CT-507,504,OUT,TRANSFER,UTAMA,UTAMA,2026-10-06,Johan Gilbeth,COMPLETED,false,,2026-10-06T05:57:37.748+00:00,,
0260869c-160a-43df-854d-1db8dc275c40,2026-10-06,12.57.37,CORRECTION-CT-507,504,IN,TRANSFER,TEMP-C,TEMP-C,2026-10-06,Johan Gilbeth,COMPLETED,false,,2026-10-06T05:57:37.848+00:00,,
5ebcea99-292a-4a11-b96d-472ad8f0285c,2026-10-06,12.57.37,CORRECTION-CT-509,1152,OUT,TRANSFER,UTAMA,UTAMA,2026-10-06,Johan Gilbeth,COMPLETED,false,,2026-10-06T05:57:37.948+00:00,,
b8411413-e001-4342-b40d-da327a6b87f7,2026-10-06,12.57.37,CORRECTION-CT-509,1152,IN,TRANSFER,TEMP-C,TEMP-C,2026-10-06,Johan Gilbeth,COMPLETED,false,,2026-10-06T05:57:38.048+00:00,,
3eac3288-e577-493e-8205-29b1f498fa53,2026-10-06,12.57.37,CORRECTION-CT-522-02,288,OUT,TRANSFER,UTAMA,UTAMA,2026-10-06,Johan Gilbeth,COMPLETED,false,,2026-10-06T05:57:38.148+00:00,,
f65920e9-6b42-4e9b-948d-83c875a6a8d1,2026-10-06,12.57.37,CORRECTION-CT-522-02,288,IN,TRANSFER,TEMP-C,TEMP-C,2026-10-06,Johan Gilbeth,COMPLETED,false,,2026-10-06T05:57:38.248+00:00,,
4abba1cf-6cb3-4c72-80da-f2ed48107054,2026-10-06,12.57.37,CORRECTION-CT-522-02,144,OUT,TRANSFER,LORONG-UTAMA,LORONG-UTAMA,2026-10-06,Johan Gilbeth,COMPLETED,false,,2026-10-06T05:57:38.348+00:00,,
7d524255-b907-4e49-aad5-149ef440f0e4,2026-10-06,12.57.37,CORRECTION-CT-522-02,144,IN,TRANSFER,TEMP-C,TEMP-C,2026-10-06,Johan Gilbeth,COMPLETED,false,,2026-10-06T05:57:38.448+00:00,,
0812ee48-e62c-4cdb-8902-10462e1eb4c9,2026-10-06,12.57.37,CORRECTION-CT-522-CTFR,1728,OUT,TRANSFER,LORONG-UTAMA,LORONG-UTAMA,2026-10-06,Johan Gilbeth,COMPLETED,false,,2026-10-06T05:57:38.548+00:00,,
42a332d1-abb0-449a-89b6-a23fa460f010,2026-10-06,12.57.37,CORRECTION-CT-522-CTFR,1728,IN,TRANSFER,TEMP-C,TEMP-C,2026-10-06,Johan Gilbeth,COMPLETED,false,,2026-10-06T05:57:38.648+00:00,,
2b7815ac-274d-4664-bfe4-9db9523a6173,2026-10-06,12.57.37,CORRECTION-CT-522-MYDL,720,OUT,TRANSFER,LORONG-UTAMA,LORONG-UTAMA,2026-10-06,Johan Gilbeth,COMPLETED,false,,2026-10-06T05:57:38.748+00:00,,
eed634e4-21ee-427f-9884-229ae569cb52,2026-10-06,12.57.37,CORRECTION-CT-522-MYDL,720,IN,TRANSFER,TEMP-C,TEMP-C,2026-10-06,Johan Gilbeth,COMPLETED,false,,2026-10-06T05:57:38.848+00:00,,
3aad63d7-64d1-4984-aab6-d150184f7b7c,2026-10-06,12.57.37,CORRECTION-CT-523,360,OUT,TRANSFER,UTAMA,UTAMA,2026-10-06,Johan Gilbeth,COMPLETED,false,,2026-10-06T05:57:38.948+00:00,,
f0df3cfe-281a-457e-82b3-1cc029a691ab,2026-10-06,12.57.37,CORRECTION-CT-523,360,IN,TRANSFER,TEMP-C,TEMP-C,2026-10-06,Johan Gilbeth,COMPLETED,false,,2026-10-06T05:57:39.048+00:00,,
2b0bef54-67d9-4fdf-bd09-51549d782592,2026-10-06,12.57.37,CORRECTION-CT-533,72,OUT,TRANSFER,UTAMA,UTAMA,2026-10-06,Johan Gilbeth,COMPLETED,false,,2026-10-06T05:57:39.148+00:00,,
6d928552-3130-49ca-8c25-987ad3d7c962,2026-10-06,12.57.37,CORRECTION-CT-533,72,IN,TRANSFER,TEMP-C,TEMP-C,2026-10-06,Johan Gilbeth,COMPLETED,false,,2026-10-06T05:57:39.248+00:00,,
5a20bf84-ebaa-4446-9df6-8412d3415632,2026-10-06,12.57.37,CORRECTION-CT-533,504,OUT,TRANSFER,LORONG-2,LORONG-2,2026-10-06,Johan Gilbeth,COMPLETED,false,,2026-10-06T05:57:39.348+00:00,,
c9cc19dc-8b90-4f6a-a636-3b7899de2bd6,2026-10-06,12.57.37,CORRECTION-CT-533,504,IN,TRANSFER,TEMP-C,TEMP-C,2026-10-06,Johan Gilbeth,COMPLETED,false,,2026-10-06T05:57:39.448+00:00,,
239dab21-d69a-4045-8bf3-0bf0073e3434,2026-10-06,12.57.37,CORRECTION-CT-533PTL,888,OUT,TRANSFER,LORONG-2,LORONG-2,2026-10-06,Johan Gilbeth,COMPLETED,false,,2026-10-06T05:57:39.548+00:00,,
7e4a09f0-cd7a-4acc-ab1d-949df25a14ef,2026-10-06,12.57.37,CORRECTION-CT-533PTL,888,IN,TRANSFER,TEMP-C,TEMP-C,2026-10-06,Johan Gilbeth,COMPLETED,false,,2026-10-06T05:57:39.648+00:00,,
8ed2bec1-1844-435e-85a4-8edfe7d8a500,2026-10-06,12.57.37,CORRECTION-CT-533PTL,336,OUT,TRANSFER,UTAMA,UTAMA,2026-10-06,Johan Gilbeth,COMPLETED,false,,2026-10-06T05:57:39.748+00:00,,
df2148cb-15d2-4651-919c-b5ba522e4fe6,2026-10-06,12.57.37,CORRECTION-CT-533PTL,336,IN,TRANSFER,TEMP-C,TEMP-C,2026-10-06,Johan Gilbeth,COMPLETED,false,,2026-10-06T05:57:39.848+00:00,,
abb3104b-c35f-41b8-af97-68dc52a9e804,2026-10-06,12.57.37,CORRECTION-CT-538,468,OUT,TRANSFER,UTAMA,UTAMA,2026-10-06,Johan Gilbeth,COMPLETED,false,,2026-10-06T05:57:39.948+00:00,,
fc4917dd-9888-4e38-9056-c7e813158f61,2026-10-06,12.57.37,CORRECTION-CT-538,468,IN,TRANSFER,TEMP-C,TEMP-C,2026-10-06,Johan Gilbeth,COMPLETED,false,,2026-10-06T05:57:40.048+00:00,,
e82b6b4b-21ed-4916-b373-7fc0e9882e3a,2026-10-06,12.57.37,CORRECTION-CT-545,720,OUT,TRANSFER,UTAMA,UTAMA,2026-10-06,Johan Gilbeth,COMPLETED,false,,2026-10-06T05:57:40.148+00:00,,
4ed7381a-3981-400b-b81e-ff642e70d361,2026-10-06,12.57.37,CORRECTION-CT-545,720,IN,TRANSFER,TEMP-C,TEMP-C,2026-10-06,Johan Gilbeth,COMPLETED,false,,2026-10-06T05:57:40.248+00:00,,
d7d0fd39-8c74-438c-bc8e-55172faeeb6a,2026-10-06,12.57.37,CORRECTION-CT-550,72,OUT,TRANSFER,UTAMA,UTAMA,2026-10-06,Johan Gilbeth,COMPLETED,false,,2026-10-06T05:57:40.348+00:00,,
b478ead3-0de3-41e4-8b41-6968b1c76879,2026-10-06,12.57.37,CORRECTION-CT-550,72,IN,TRANSFER,TEMP-C,TEMP-C,2026-10-06,Johan Gilbeth,COMPLETED,false,,2026-10-06T05:57:40.448+00:00,,
9020113e-9d5b-4086-be79-84f537732344,2026-10-06,12.57.37,CORRECTION-CT-559,216,OUT,TRANSFER,LORONG-UTAMA,LORONG-UTAMA,2026-10-06,Johan Gilbeth,COMPLETED,false,,2026-10-06T05:57:40.548+00:00,,
0b628f9c-e430-4e2e-bcd3-6570908ff044,2026-10-06,12.57.37,CORRECTION-CT-559,216,IN,TRANSFER,TEMP-C,TEMP-C,2026-10-06,Johan Gilbeth,COMPLETED,false,,2026-10-06T05:57:40.648+00:00,,
b78b93c7-24ae-4683-8d01-57bcbb54c9c5,2026-10-06,12.57.37,CORRECTION-CT-562,144,OUT,TRANSFER,UTAMA,UTAMA,2026-10-06,Johan Gilbeth,COMPLETED,false,,2026-10-06T05:57:40.748+00:00,,
094dd225-ca9a-4141-81dd-2de658ebf0c5,2026-10-06,12.57.37,CORRECTION-CT-562,144,IN,TRANSFER,TEMP-C,TEMP-C,2026-10-06,Johan Gilbeth,COMPLETED,false,,2026-10-06T05:57:40.848+00:00,,
d02c92bd-43e8-41e0-8230-d14173a1d712,2026-10-06,12.57.37,CORRECTION-CT-565,108,OUT,TRANSFER,UTAMA,UTAMA,2026-10-06,Johan Gilbeth,COMPLETED,false,,2026-10-06T05:57:40.948+00:00,,
2aed14cb-35e8-458e-b307-43a545b48cb2,2026-10-06,12.57.37,CORRECTION-CT-565,108,IN,TRANSFER,TEMP-C,TEMP-C,2026-10-06,Johan Gilbeth,COMPLETED,false,,2026-10-06T05:57:41.048+00:00,,
8337291e-2da7-40c8-996b-43b6452af2fe,2026-10-06,12.57.37,CORRECTION-CT-565PTL,432,OUT,TRANSFER,LORONG-2,LORONG-2,2026-10-06,Johan Gilbeth,COMPLETED,false,,2026-10-06T05:57:41.148+00:00,,
62fc8023-c3e7-4846-b3a2-dc357a568093,2026-10-06,12.57.37,CORRECTION-CT-565PTL,432,IN,TRANSFER,TEMP-C,TEMP-C,2026-10-06,Johan Gilbeth,COMPLETED,false,,2026-10-06T05:57:41.248+00:00,,
827959a0-e768-4b8f-b659-92503e827936,2026-10-06,12.57.37,CORRECTION-CT-567,468,OUT,TRANSFER,UTAMA,UTAMA,2026-10-06,Johan Gilbeth,COMPLETED,false,,2026-10-06T05:57:41.348+00:00,,
ede03ada-878f-4a5d-8b9c-754e9f4218f0,2026-10-06,12.57.37,CORRECTION-CT-567,468,IN,TRANSFER,TEMP-C,TEMP-C,2026-10-06,Johan Gilbeth,COMPLETED,false,,2026-10-06T05:57:41.448+00:00,,
56d1f76f-1683-4ddd-8cfb-bcb2f332ef26,2026-10-06,12.57.37,CORRECTION-CT-571,288,OUT,TRANSFER,LORONG-2,LORONG-2,2026-10-06,Johan Gilbeth,COMPLETED,false,,2026-10-06T05:57:41.548+00:00,,
b568fcc1-e0ef-494e-a0a5-b1d60bbbecd8,2026-10-06,12.57.37,CORRECTION-CT-571,288,IN,TRANSFER,TEMP-C,TEMP-C,2026-10-06,Johan Gilbeth,COMPLETED,false,,2026-10-06T05:57:41.648+00:00,,
fdc3d611-6a4d-4609-9f81-595d5cf9e2b8,2026-10-06,12.57.37,CORRECTION-CT-573,144,OUT,TRANSFER,UTAMA,UTAMA,2026-10-06,Johan Gilbeth,COMPLETED,false,,2026-10-06T05:57:41.748+00:00,,
2e40e4f8-8d38-48e4-b672-cb3c1f6764fd,2026-10-06,12.57.37,CORRECTION-CT-573,144,IN,TRANSFER,TEMP-C,TEMP-C,2026-10-06,Johan Gilbeth,COMPLETED,false,,2026-10-06T05:57:41.848+00:00,,
b595a812-966d-41b8-8742-24876cbd1a32,2026-10-06,12.57.37,CORRECTION-CT-574,576,OUT,TRANSFER,LORONG-2,LORONG-2,2026-10-06,Johan Gilbeth,COMPLETED,false,,2026-10-06T05:57:41.948+00:00,,
a567d18f-85cc-425a-9825-4adf23f25c3f,2026-10-06,12.57.37,CORRECTION-CT-574,576,IN,TRANSFER,TEMP-C,TEMP-C,2026-10-06,Johan Gilbeth,COMPLETED,false,,2026-10-06T05:57:42.048+00:00,,
ac17f0bc-fc48-4beb-a9e6-bd875dc3793f,2026-10-06,12.57.37,CORRECTION-CT-577,144,OUT,TRANSFER,UTAMA,UTAMA,2026-10-06,Johan Gilbeth,COMPLETED,false,,2026-10-06T05:57:42.148+00:00,,
8cd79e07-b61a-4b9b-924b-07ca3c27b649,2026-10-06,12.57.37,CORRECTION-CT-577,144,IN,TRANSFER,TEMP-C,TEMP-C,2026-10-06,Johan Gilbeth,COMPLETED,false,,2026-10-06T05:57:42.248+00:00,,
ef2f4cce-5279-4b1a-a20c-c7c854bde782,2026-10-06,12.57.37,CORRECTION-CT-580,72,OUT,TRANSFER,UTAMA,UTAMA,2026-10-06,Johan Gilbeth,COMPLETED,false,,2026-10-06T05:57:42.348+00:00,,
2909da9a-ce77-4f0d-a598-c65614700e1f,2026-10-06,12.57.37,CORRECTION-CT-580,72,IN,TRANSFER,TEMP-C,TEMP-C,2026-10-06,Johan Gilbeth,COMPLETED,false,,2026-10-06T05:57:42.448+00:00,,
31c5b789-3d1b-4d7b-9ec0-8fb0a55898d1,2026-10-06,12.57.37,CORRECTION-CT-580,432,OUT,TRANSFER,LORONG-2,LORONG-2,2026-10-06,Johan Gilbeth,COMPLETED,false,,2026-10-06T05:57:42.548+00:00,,
bf25e2bd-d5b7-4a88-8e07-0ac0947d5ca4,2026-10-06,12.57.37,CORRECTION-CT-580,432,IN,TRANSFER,TEMP-C,TEMP-C,2026-10-06,Johan Gilbeth,COMPLETED,false,,2026-10-06T05:57:42.648+00:00,,
1ba55a0e-69bd-47d4-93fd-5636d57004d0,2026-10-06,12.57.37,CORRECTION-CT-581,552,OUT,TRANSFER,UTAMA,UTAMA,2026-10-06,Johan Gilbeth,COMPLETED,false,,2026-10-06T05:57:42.748+00:00,,
3f4966f5-2b8f-4699-a0f9-92b9c8644ee6,2026-10-06,12.57.37,CORRECTION-CT-581,552,IN,TRANSFER,TEMP-C,TEMP-C,2026-10-06,Johan Gilbeth,COMPLETED,false,,2026-10-06T05:57:42.848+00:00,,
909f2fcf-d013-4dcc-80b2-0e272c417ea0,2026-10-06,12.57.37,CORRECTION-CT-582,288,OUT,TRANSFER,UTAMA,UTAMA,2026-10-06,Johan Gilbeth,COMPLETED,false,,2026-10-06T05:57:42.948+00:00,,
70f31522-120c-4dc9-b804-1c08ca09a58d,2026-10-06,12.57.37,CORRECTION-CT-582,288,IN,TRANSFER,TEMP-C,TEMP-C,2026-10-06,Johan Gilbeth,COMPLETED,false,,2026-10-06T05:57:43.048+00:00,,
1ab9ee3f-059e-4cf0-8421-0afecffb8f70,2026-10-06,12.57.37,CORRECTION-CT-582-SPBL,300,OUT,TRANSFER,UTAMA,UTAMA,2026-10-06,Johan Gilbeth,COMPLETED,false,,2026-10-06T05:57:43.148+00:00,,
3f7fe0a2-9927-41c3-abef-c0b7dfac9c90,2026-10-06,12.57.37,CORRECTION-CT-582-SPBL,300,IN,TRANSFER,TEMP-C,TEMP-C,2026-10-06,Johan Gilbeth,COMPLETED,false,,2026-10-06T05:57:43.248+00:00,,
bd7ff643-a92c-4c89-9fe2-53780516973a,2026-10-06,12.57.37,CORRECTION-CT-582-SPBL,216,OUT,TRANSFER,LORONG-2,LORONG-2,2026-10-06,Johan Gilbeth,COMPLETED,false,,2026-10-06T05:57:43.348+00:00,,
6191ed94-2e31-4723-84c4-29d0faf72175,2026-10-06,12.57.37,CORRECTION-CT-582-SPBL,216,IN,TRANSFER,TEMP-C,TEMP-C,2026-10-06,Johan Gilbeth,COMPLETED,false,,2026-10-06T05:57:43.448+00:00,,
a7547c0b-6968-4dbe-b764-f5706e05f67f,2026-10-06,12.57.37,CORRECTION-CT-585,216,OUT,TRANSFER,LORONG-2,LORONG-2,2026-10-06,Johan Gilbeth,COMPLETED,false,,2026-10-06T05:57:43.548+00:00,,
9ece8e5c-df9e-438d-b393-2d88434177f0,2026-10-06,12.57.37,CORRECTION-CT-585,216,IN,TRANSFER,TEMP-C,TEMP-C,2026-10-06,Johan Gilbeth,COMPLETED,false,,2026-10-06T05:57:43.648+00:00,,
fd34024b-91c6-4d9b-86ea-5a6b6c02ea37,2026-10-06,12.57.37,CORRECTION-CT-585,504,OUT,TRANSFER,UTAMA,UTAMA,2026-10-06,Johan Gilbeth,COMPLETED,false,,2026-10-06T05:57:43.748+00:00,,
1fd6e439-6ebb-45a0-9178-eabae8bf130f,2026-10-06,12.57.37,CORRECTION-CT-585,504,IN,TRANSFER,TEMP-C,TEMP-C,2026-10-06,Johan Gilbeth,COMPLETED,false,,2026-10-06T05:57:43.848+00:00,,
b1aa8311-72d4-4fa1-976f-6607b2d22fbf,2026-10-06,12.57.37,CORRECTION-CT-586,215,OUT,TRANSFER,UTAMA,UTAMA,2026-10-06,Johan Gilbeth,COMPLETED,false,,2026-10-06T05:57:43.948+00:00,,
d85e3b07-8a00-4aad-81cc-1096bfe1f301,2026-10-06,12.57.37,CORRECTION-CT-586,215,IN,TRANSFER,TEMP-C,TEMP-C,2026-10-06,Johan Gilbeth,COMPLETED,false,,2026-10-06T05:57:44.048+00:00,,
77e9b57d-f812-490c-a273-f18cb5e964d3,2026-10-06,12.57.37,CORRECTION-CT-588,528,OUT,TRANSFER,LORONG-2,LORONG-2,2026-10-06,Johan Gilbeth,COMPLETED,false,,2026-10-06T05:57:44.148+00:00,,
fb8c9b30-5713-460f-bcd3-881c41a4dd9b,2026-10-06,12.57.37,CORRECTION-CT-588,528,IN,TRANSFER,TEMP-C,TEMP-C,2026-10-06,Johan Gilbeth,COMPLETED,false,,2026-10-06T05:57:44.248+00:00,,
569a35fe-4340-4ab5-a738-7c1eee84f9e7,2026-10-06,12.57.37,CORRECTION-CT-594,216,OUT,TRANSFER,LORONG-2,LORONG-2,2026-10-06,Johan Gilbeth,COMPLETED,false,,2026-10-06T05:57:44.348+00:00,,
cb6b688f-b099-4b04-af5e-99696a4a240f,2026-10-06,12.57.37,CORRECTION-CT-594,216,IN,TRANSFER,TEMP-C,TEMP-C,2026-10-06,Johan Gilbeth,COMPLETED,false,,2026-10-06T05:57:44.448+00:00,,
655abb2c-0359-4699-baae-1fe957dcb744,2026-10-06,12.57.37,CORRECTION-CT-595,72,OUT,TRANSFER,UTAMA,UTAMA,2026-10-06,Johan Gilbeth,COMPLETED,false,,2026-10-06T05:57:44.548+00:00,,
16e575c0-a013-492a-832c-981e1f1ea42d,2026-10-06,12.57.37,CORRECTION-CT-595,72,IN,TRANSFER,TEMP-C,TEMP-C,2026-10-06,Johan Gilbeth,COMPLETED,false,,2026-10-06T05:57:44.648+00:00,,
113d32c9-b1fb-42e5-8de7-e95c64bbeab8,2026-10-06,12.57.37,CORRECTION-CT-596,72,OUT,TRANSFER,UTAMA,UTAMA,2026-10-06,Johan Gilbeth,COMPLETED,false,,2026-10-06T05:57:44.748+00:00,,
ada5c104-bd24-42a3-8b0f-66ce32103ee3,2026-10-06,12.57.37,CORRECTION-CT-596,72,IN,TRANSFER,TEMP-C,TEMP-C,2026-10-06,Johan Gilbeth,COMPLETED,false,,2026-10-06T05:57:44.848+00:00,,
9397bdd0-a000-4bd1-b42c-5f631b7df1c8,2026-10-06,12.57.37,CORRECTION-CT-600,402,OUT,TRANSFER,LORONG-2,LORONG-2,2026-10-06,Johan Gilbeth,COMPLETED,false,,2026-10-06T05:57:44.948+00:00,,
d11c4b74-794d-46e3-a870-2b05254e0168,2026-10-06,12.57.37,CORRECTION-CT-600,402,IN,TRANSFER,TEMP-C,TEMP-C,2026-10-06,Johan Gilbeth,COMPLETED,false,,2026-10-06T05:57:45.048+00:00,,
cb1c7327-9880-4102-942e-a26b24d279a4,2026-10-06,12.57.37,CORRECTION-CT-601,144,OUT,TRANSFER,LORONG-2,LORONG-2,2026-10-06,Johan Gilbeth,COMPLETED,false,,2026-10-06T05:57:45.148+00:00,,
4c6bb788-c169-4f69-8394-b6a001eb7468,2026-10-06,12.57.37,CORRECTION-CT-601,144,IN,TRANSFER,TEMP-C,TEMP-C,2026-10-06,Johan Gilbeth,COMPLETED,false,,2026-10-06T05:57:45.248+00:00,,
9f58f6b8-b6a5-4433-9fcb-78c87cdb938e,2026-10-06,12.57.37,CORRECTION-CT-601,216,OUT,TRANSFER,UTAMA,UTAMA,2026-10-06,Johan Gilbeth,COMPLETED,false,,2026-10-06T05:57:45.348+00:00,,
56bf633e-7a6d-4155-a440-1a78cc51758d,2026-10-06,12.57.37,CORRECTION-CT-601,216,IN,TRANSFER,TEMP-C,TEMP-C,2026-10-06,Johan Gilbeth,COMPLETED,false,,2026-10-06T05:57:45.448+00:00,,
498d09ad-29b5-422a-8bf3-ed6db71e9993,2026-10-06,12.57.37,CORRECTION-CT-606,288,OUT,TRANSFER,LORONG-2,LORONG-2,2026-10-06,Johan Gilbeth,COMPLETED,false,,2026-10-06T05:57:45.548+00:00,,
2abcf18f-661f-4811-ba06-f5e27835aa71,2026-10-06,12.57.37,CORRECTION-CT-606,288,IN,TRANSFER,TEMP-C,TEMP-C,2026-10-06,Johan Gilbeth,COMPLETED,false,,2026-10-06T05:57:45.648+00:00,,
50032319-57ee-429b-bc58-cf820eacd8e6,2026-10-06,12.57.37,CORRECTION-JK-01,576,OUT,TRANSFER,LORONG-2,LORONG-2,2026-10-06,Johan Gilbeth,COMPLETED,false,,2026-10-06T05:57:45.748+00:00,,
34234193-8ac1-457d-906e-d4f3812a3230,2026-10-06,12.57.37,CORRECTION-JK-01,576,IN,TRANSFER,TEMP-C,TEMP-C,2026-10-06,Johan Gilbeth,COMPLETED,false,,2026-10-06T05:57:45.848+00:00,,
49f2e082-c544-4e76-8dc5-e1b6ce4d87bd,2026-10-06,12.57.37,CORRECTION-JK-101A,576,OUT,TRANSFER,LORONG-2,LORONG-2,2026-10-06,Johan Gilbeth,COMPLETED,false,,2026-10-06T05:57:45.948+00:00,,
e5a77da1-3c1a-4e8a-8df9-85f3b1e74def,2026-10-06,12.57.37,CORRECTION-JK-101A,576,IN,TRANSFER,TEMP-C,TEMP-C,2026-10-06,Johan Gilbeth,COMPLETED,false,,2026-10-06T05:57:46.048+00:00,,
bf6dd4aa-37ed-4541-8991-774cfa529fb2,2026-10-06,12.57.53,CORRECTION-1BOX/CF-P236,240,OUT,TRANSFER,E4,E4,2026-10-06,Johan Gilbeth,COMPLETED,false,,2026-10-06T05:57:53.656+00:00,,
c16e2e32-df79-4b2c-a94f-f5a3c12070eb,2026-10-06,12.57.53,CORRECTION-1BOX/CF-P236,240,IN,TRANSFER,TEMP-C,TEMP-C,2026-10-06,Johan Gilbeth,COMPLETED,false,,2026-10-06T05:57:53.756+00:00,,
cfef8725-4b02-438c-b7a1-f085eeda6643,2026-10-06,12.58.04,CORRECTION-CF-S230,576,OUT,TRANSFER,E4,E4,2026-10-06,Johan Gilbeth,COMPLETED,false,,2026-10-06T05:58:04.139+00:00,,
fc06e1f5-7074-4bdc-a333-598d6b91e3cd,2026-10-06,12.58.04,CORRECTION-CF-S230,576,IN,TRANSFER,TEMP-C,TEMP-C,2026-10-06,Johan Gilbeth,COMPLETED,false,,2026-10-06T05:58:04.239+00:00,,
062d276c-6812-40f9-a424-283f2ef863d7,2026-10-06,13.06.01,CORRECTION-JK-101A,576,OUT,TRANSFER,C4,C4,2026-10-06,Johan Gilbeth,COMPLETED,false,,2026-10-06T06:06:01.259+00:00,,
bbd10cd9-998a-4ecb-a791-c92d1d92aa7b,2026-10-06,13.06.01,CORRECTION-JK-101A,576,IN,TRANSFER,TEMP-C,TEMP-C,2026-10-06,Johan Gilbeth,COMPLETED,false,,2026-10-06T06:06:01.359+00:00,,
61283552-9b20-4ad5-ac67-b45acb542781,2026-10-06,13.06.01,CORRECTION-JK-101A,576,OUT,TRANSFER,LORONG-2,LORONG-2,2026-10-06,Johan Gilbeth,COMPLETED,false,,2026-10-06T06:06:01.459+00:00,,
4b7298c5-170c-40ac-9555-30682f372b7c,2026-10-06,13.06.01,CORRECTION-JK-101A,576,IN,TRANSFER,TEMP-C,TEMP-C,2026-10-06,Johan Gilbeth,COMPLETED,false,,2026-10-06T06:06:01.559+00:00,,
aa8c0734-22b2-40f1-9134-1ed842f4de72,2026-10-06,13.07.13,CORRECTION-JK-101A,576,OUT,TRANSFER,TEMP-C,TEMP-C,2026-10-06,System (Tarik Fisik),COMPLETED,false,BOX_COUNT:1,2026-10-06T06:07:14.386+00:00,,
737d211b-0c6e-4253-b935-7c95a6cc105e,2026-10-06,13.07.13,CORRECTION-JK-101A,576,IN,TRANSFER,C4,C4,2026-10-06,System (Tarik Fisik),COMPLETED,false,BOX_COUNT:1,2026-10-06T06:07:15.386+00:00,,
f87be1ba-5e55-44f2-9ded-338caf276829,2026-10-06,13.07.13,CORRECTION-JK-101A,576,MOVE,VERIFY,C4,C4,2026-10-06,laelalaika340@gmail.com,COMPLETED,false,BOX_COUNT:2,2026-10-06T06:07:15.429633+00:00,,
0f9b11b3-c596-4384-84a1-43c4671f471e,2026-10-06,12.55.46,WHITEBOARD-WBS-170CO/BLUE,48,OUT,AC,L17,L17,2026-10-01,rianambong,COMPLETED,false,,2026-10-06T06:07:28.66676+00:00,,
5bd94d5a-6916-4efa-8439-591a9acce185,2026-10-06,12.55.46,CALCULATOR-CC-30W,20,OUT,AC,G3,G3,2026-09-15,rianambong,COMPLETED,false,,2026-10-06T06:07:28.66676+00:00,,
6fe190c9-c93a-47fb-a084-7f7ccbeb7505,2026-10-06,12.55.46,WHITEBOARD-WBSK-150,48,OUT,AC,L2,L2,2026-10-05,rianambong@gmail.com,COMPLETED,false,,2026-10-06T06:07:28.66676+00:00,,
9c228f42-f97a-4d5d-9b2e-010a216e84cb,2026-10-06,12.55.46,TAGGUN-TG-NEED-6,400,OUT,AC,L14,L14,2026-10-05,rianambong,COMPLETED,false,,2026-10-06T06:07:28.66676+00:00,,
c1155714-d9a2-44c6-b93f-71463d9f0859,2026-10-06,12.55.46,CALCULATOR-CC-78,80,OUT,AC,G19,G19,2026-09-25,rianambong,COMPLETED,false,,2026-10-06T06:07:28.66676+00:00,,
0bf2b136-3b6d-490d-8ea4-1555943d22b8,2026-10-06,12.56.35,HEADLAMP-HDL-250,96,OUT,AC,E8,E8,2026-09-15,rianambong,COMPLETED,false,,2026-10-06T06:07:29.016679+00:00,,
84b7a7c0-879f-48ea-8e04-57543552efae,2026-10-06,13.01.33,BOXFILE-BOF-14/BLUE,8,OUT,AC,LORONG-3,LORONG-3,2026-09-08,rianambong,COMPLETED,false,,2026-10-06T06:07:29.016679+00:00,,
a50fe0c2-5ec9-48d8-ae15-be71f8c91559,2026-10-06,12.58.17,PENCILLEAD-PL-20,432,OUT,AC,K3,K3,2026-09-18,rianambong,COMPLETED,false,,2026-10-06T06:07:29.016679+00:00,,
b99d32b0-8959-45e8-8c11-d1991c7b350e,2026-10-06,13.02.10,CLIP-472/1BAGS,120,OUT,AC,B18,B18,2026-09-28,rianambong,COMPLETED,false,,2026-10-06T06:07:29.016679+00:00,,
e630dad2-3916-4b41-aca2-b61fb5956345,2026-10-06,12.57.55,BOOK-BKE-691/BLACK,1,OUT,AC,ECER-O,ECER-O,2026-09-10,rianambong,COMPLETED,false,,2026-10-06T06:07:29.016679+00:00,,
bb93439e-b8a3-4d98-b5f2-45e1e921d3fc,2026-10-06,13.06.22,PULPEN-JK-100SN/1PCS/BLACK,1728,OUT,AC,LANTAI 2,LANTAI 2,2026-09-22,rianambong,COMPLETED,false,,2026-10-06T06:07:29.35833+00:00,,
dde50a6b-7dc0-4d19-aaca-0c08d9e15b48,2026-10-06,13.04.37,PAINT-POC-10ML-6/GREEN/1PCS,144,OUT,AC,ECER-M,ECER-M,2026-10-03,rianambong,COMPLETED,false,,2026-10-06T06:07:29.35833+00:00,,
aa571977-9265-417f-94d3-1324c69dceb0,2026-10-06,13.08.52,CORRECTION-JK-101,576,OUT,TRANSFER,TEMP-C,TEMP-C,2026-10-06,System (Tarik Fisik),COMPLETED,false,BOX_COUNT:1,2026-10-06T06:08:53.085+00:00,,
620437f4-868e-4131-b111-fe1e1ac16dca,2026-10-06,13.08.52,CORRECTION-JK-101,576,MOVE,VERIFY,C4,C4,2026-10-06,laelalaika340@gmail.com,COMPLETED,false,BOX_COUNT:2,2026-10-06T06:08:53.939661+00:00,,
16ef04a1-1daf-447e-a8dd-418e6f0e7f85,2026-10-06,13.08.52,CORRECTION-JK-101,576,IN,TRANSFER,C4,C4,2026-10-06,System (Tarik Fisik),COMPLETED,false,BOX_COUNT:1,2026-10-06T06:08:54.085+00:00,,
1d9061d4-3fc0-49f8-b869-d5ce90fe80f3,2026-10-06,13.09.56,MARKER-1BOX/PM-72/BLACK,72,OUT,OP,F4,F4,2026-09-30,rhadikaopik,COMPLETED,false,,2026-10-06T06:11:38.301528+00:00,,
506b77c9-bab5-45f9-9f0c-3ebe336a3eb6,2026-10-06,13.09.56,PENCILCAP-PNCP-785-PINK,432,OUT,OP,LANTAI 2,LANTAI 2,2026-10-05,rhadikaopik@gmail.com,COMPLETED,false,,2026-10-06T06:11:38.301528+00:00,,
a20b6ac2-f2ee-4b21-8de2-4cf7ae6861d5,2026-10-06,13.09.56,HOOK-ADHK-3060,80,OUT,OP,E16,E16,2026-10-05,rhadikaopik,COMPLETED,false,,2026-10-06T06:11:38.301528+00:00,,
a69c5fb7-7a63-42d1-a93c-125e965ceead,2026-10-06,13.09.56,MARKER-PM-34/1PCS,576,OUT,OP,F2,F2,2026-09-11,rhadikaopik,COMPLETED,false,,2026-10-06T06:11:38.301528+00:00,,
e074508a-c925-489c-87d7-9f69411f29bf,2026-10-06,13.09.56,HOOK-ADHK-3200,40,OUT,OP,E19,E19,2026-10-05,rhadikaopik,COMPLETED,false,,2026-10-06T06:11:38.301528+00:00,,
9a49467a-c151-4f7d-ab32-ffb7ceac7553,2026-10-06,13.09.56,BAG-RSB-100-20X30,7,OUT,OP,B26,B26,2026-09-29,rhadikaopik,COMPLETED,false,,2026-10-06T06:11:38.767915+00:00,,
9b0cf4cf-07f4-4aa0-99aa-9791b1951879,2026-10-06,13.09.56,PAINT-WC-3-36,36,OUT,OP,L1,L1,2026-10-01,rhadikaopik,COMPLETED,false,,2026-10-06T06:11:38.767915+00:00,,
b40615d5-e58b-4226-aa23-f329718e3063,2026-10-06,13.09.56,NAILCLIPPER-NCP-2709,120,OUT,OP,F24,F24,2026-09-30,rhadikaopik,COMPLETED,false,,2026-10-06T06:11:38.767915+00:00,,
fc281644-04a4-44c9-8a78-dea03e043b77,2026-10-06,13.09.56,PAINT-CLCR-AB-12,160,OUT,OP,H7,H7,2026-09-24,rhadikaopik,COMPLETED,false,,2026-10-06T06:11:38.767915+00:00,,
fdaa9f76-94ef-44bf-8044-ff0a8f30ecb8,2026-10-06,13.09.56,NAILCLIPPER-NCP-2710,120,OUT,OP,F24,F24,2026-10-05,rhadikaopik,COMPLETED,false,,2026-10-06T06:11:38.767915+00:00,,
3dffe30d-95bb-4b21-8d53-fc945d48fa56,2026-10-06,13.09.56,PENCILLEAD-PL-05,1728,OUT,OP,K1,K1,2026-10-01,rhadikaopik,COMPLETED,false,,2026-10-06T06:11:39.147847+00:00,,
50a01797-8bf9-4ea6-8a6f-bf02b1bfd289,2026-10-06,13.09.56,PAINT-WC-3-16,72,OUT,OP,L1,L1,2026-10-05,rhadikaopik,COMPLETED,false,,2026-10-06T06:11:39.147847+00:00,,
808d4477-58fd-4386-8461-24c58846be72,2026-10-06,13.09.56,PULPEN-GP-334/1PCS/BLACK,1728,OUT,OP,LORONG-5,LORONG-5,2026-09-22,rhadikaopik,COMPLETED,false,,2026-10-06T06:11:39.147847+00:00,,
98924e78-b9df-415f-880c-c554468c5afd,2026-10-06,13.09.56,PULPEN-1BOX/GP-340/BLACK,144,OUT,OP,LORONG-5,LORONG-5,2026-09-21,rhadikaopik,COMPLETED,false,,2026-10-06T06:11:39.147847+00:00,,
a7035956-267f-42c7-bcbc-be26b4846824,2026-10-06,13.09.56,PENCIL-MP-53/1PCS,864,OUT,OP,K1,K1,2026-09-30,rhadikaopik,COMPLETED,false,,2026-10-06T06:11:39.147847+00:00,,
c0f673a6-6989-42c1-ac95-d8bd3e1c7c3d,2026-10-06,13.09.56,PULPEN-GP-406AN/1PC/BLACK,1728,OUT,OP,I16,I16,2026-09-30,rhadikaopik,COMPLETED,false,,2026-10-06T06:11:39.485265+00:00,,
eb3370f8-8cca-4bbb-ae2f-95bfba9714fa,2026-10-06,13.09.56,FILE-EF-1218/PINK,48,OUT,OP,LORONG-UTAMA,LORONG-UTAMA,2026-09-24,rhadikaopik,COMPLETED,false,,2026-10-06T06:11:39.485265+00:00,,
365775bb-6d77-4e3f-be5f-b298dec1a07d,2026-10-06,13.13.02,DESKSET-DS-17,48,OUT,OP,C20,C20,2026-10-05,rhadikaopik,COMPLETED,false,,2026-10-06T06:12:58.371248+00:00,,
a5433c7e-31e9-4df5-b859-b9afdab11214,2026-10-06,13.13.21,LOOSELEAF-B5-100GR/50Lembar,120,OUT,OP,F18,F18,2026-09-21,rhadikaopik,COMPLETED,false,,2026-10-06T06:13:17.452045+00:00,,
a5b2c85a-d314-4114-ad1a-38870cbc677a,2026-10-06,13.13.32,MARKER-1BOX/WM-61/BLUE,48,OUT,OP,B4,B4,2026-09-25,rhadikaopik,COMPLETED,false,,2026-10-06T06:13:28.149276+00:00,,
63e39a2e-229c-47bb-85fc-d0b1eabb9eeb,2026-10-06,13.14.37,CLIP-NO.5N/1BOX/60PCS,200,OUT,AC,B6,B6,2026-09-25,rianambong,COMPLETED,false,,2026-10-06T06:14:33.786361+00:00,,
IH2dhrHLbKLIUQFzfI6E,2026-10-06,13.15.09,CORRECTION-1BOX/CF-P236,360,OUT,TRANSFER,TEMP-C,TEMP-C,2026-10-06,System (Tarik Fisik),,,BOX_COUNT:3,2026-10-06T06:15:10.641Z,,
0v0UHJBFLqRoydP0h7u7,2026-10-06,13.15.09,CORRECTION-1BOX/CF-P236,360,IN,TRANSFER,C4,C4,2026-10-06,System (Tarik Fisik),,,BOX_COUNT:3,2026-10-06T06:15:11.641Z,,
21bb1a51-8322-4cff-b24a-bef2b3953d9a,2026-10-06,13.15.09,CORRECTION-1BOX/CF-P236,360,MOVE,VERIFY,C4,C4,2026-10-06,laelalaika340@gmail.com,COMPLETED,false,BOX_COUNT:7,2026-10-06T06:15:29.190455+00:00,,
de9e35f9-bc00-4354-9d9a-80b2da573109,2026-10-06,13.16.32,CORRECTION-1BOX/CF-P236,360,OUT,TRANSFER,TEMP-C,TEMP-C,2026-10-06,System (Tarik Fisik),COMPLETED,false,BOX_COUNT:3,2026-10-06T06:16:33.184+00:00,,
08a5041f-5e25-49c3-a00c-cd304b24e0f9,2026-10-06,13.16.32,CORRECTION-1BOX/CF-P236,360,MOVE,VERIFY,C4,C4,2026-10-06,laelalaika340@gmail.com,COMPLETED,false,BOX_COUNT:10,2026-10-06T06:16:33.985888+00:00,,
a7b0acd3-2f86-4d88-8ec3-39945811a6d6,2026-10-06,13.16.32,CORRECTION-1BOX/CF-P236,360,IN,TRANSFER,C4,C4,2026-10-06,System (Tarik Fisik),COMPLETED,false,BOX_COUNT:3,2026-10-06T06:16:34.184+00:00,,
2aea8849-998f-443d-bae2-84fcbc77665f,2026-10-06,13.17.02,CORRECTION-CF-S230,576,OUT,TRANSFER,TEMP-C,TEMP-C,2026-10-06,System (Tarik Fisik),COMPLETED,false,BOX_COUNT:1,2026-10-06T06:17:03.058+00:00,,
34e230d4-2f79-44bf-ad35-4d426ee8d46f,2026-10-06,13.17.02,CORRECTION-CF-S230,576,MOVE,VERIFY,C4,C4,2026-10-06,laelalaika340@gmail.com,COMPLETED,false,BOX_COUNT:2,2026-10-06T06:17:04.018044+00:00,,
102602b4-1748-48b8-999a-c11118436f1e,2026-10-06,13.17.02,CORRECTION-CF-S230,576,IN,TRANSFER,C4,C4,2026-10-06,System (Tarik Fisik),COMPLETED,false,BOX_COUNT:1,2026-10-06T06:17:04.058+00:00,,
4c666512-fdfe-4c7a-9099-ce0a800cee70,2026-10-06,13.11.39,FILE-EF-8F4/PBLUE,18,OUT,OP,D10,D10,2026-09-22,rhadikaopik@gmail.com,COMPLETED,false,,2026-10-06T06:20:30.430082+00:00,,
a6859ef7-2b3c-4d5c-8454-2017447663c6,2026-10-06,13.17.06,CLIPBOARD-CLB-67-A4/BLUE,48,OUT,OP,B18,B18,2026-09-28,rhadikaopik,COMPLETED,false,,2026-10-06T06:20:30.430082+00:00,,
fa2a03c6-1e8d-49e4-a42d-3a69c8de20b4,2026-10-06,13.18.13,CUTTER-TD-3,24,OUT,OP,B21,B21,2026-09-30,rhadikaopik,COMPLETED,false,,2026-10-06T06:20:30.430082+00:00,,
4705af38-7898-4ea7-8df7-9c8c9ddf1666,2026-10-06,13.20.30,FILE-SHP-201-10,200,OUT,OP,D20,D20,2026-09-19,rhadikaopik@gmail.com,COMPLETED,false,,2026-10-06T06:23:07.425417+00:00,,
30134504-8326-4a02-8475-3c1ce5aa834e,2026-10-06,13.27.14,PULPEN-GP-406/1PC/BLACK,864,OUT,AC,LORONG-5,LORONG-5,2026-09-26,rianambong,COMPLETED,false,,2026-10-06T06:28:55.301549+00:00,,
61701742-30fa-4062-b20f-5fd5412b4752,2026-10-06,13.27.14,CALCULATOR-CC-63DCO/BLUE,20,OUT,AC,LANTAI 4,LANTAI 4,2026-09-07,rianambong,COMPLETED,false,,2026-10-06T06:28:55.301549+00:00,,
b4dcc27b-5e01-43c0-a5df-b54bb55ae93d,2026-10-06,13.27.14,PULPEN-BP-455/1PC/BLACK,1728,OUT,AC,LORONG-5,LORONG-5,2026-09-23,rianambong,COMPLETED,false,,2026-10-06T06:28:55.301549+00:00,,
b5f5f71e-85cd-4ce1-9f8a-f6e502022ce5,2026-10-06,13.27.14,PULPENC-GPC-325,192,OUT,AC,I17,I17,2026-09-22,rianambong@gmail.com,COMPLETED,false,,2026-10-06T06:28:55.301549+00:00,,
f3a749f0-2f5d-443f-befc-34c489bf6960,2026-10-06,13.27.14,FILE-EF-17/PASTELBLUE,24,OUT,AC,D11,D11,2026-10-02,rianambong,COMPLETED,false,,2026-10-06T06:28:55.301549+00:00,,
6ec2f3ed-cfcb-4f81-bbf9-be9ce7f5e365,2026-10-06,13.28.01,PULPENC-DP-298-B06,144,OUT,AC,ECER-N,ECER-N,2026-09-24,rianambong,COMPLETED,false,,2026-10-06T06:28:56.029863+00:00,,
00072b86-9cb9-496c-b316-7f52deec51e7,2026-10-06,13.23.08,CORRECTION-CT-593,144,OUT,OP,TEMP-C,TEMP-C,2026-10-06,rhadikaopik@gmail.com,COMPLETED,false,,2026-10-06T06:29:43.227462+00:00,,
d60a29f4-d412-4fd5-bd6c-98423dcebb31,2026-10-06,13.29.42,CORRECTION-CF-S209,432,OUT,OP,TEMP-C,TEMP-C,2026-10-06,rhadikaopik@gmail.com,COMPLETED,false,,2026-10-06T06:32:06.289272+00:00,,
2a4e0d21-f0d8-43fe-81f1-a92d21aa3525,2026-10-06,13.33.51,HIGHLIGHTER-HL-84/1PC/MBLUE,864,OUT,AC,E5,E5,2026-09-11,rianambong,COMPLETED,false,,2026-10-06T06:35:00.813311+00:00,,
98a7d275-de02-4937-bcbf-fedddb7c42e1,2026-10-06,13.28.54,BAG-RSB-100-4X6,50,OUT,AC,B30,B30,2026-10-02,rianambong@gmail.com,COMPLETED,false,,2026-10-06T06:35:00.813311+00:00,,
e57f840b-5e3a-4135-a132-c596f4a1f269,2026-10-06,13.34.33,PAINT-ACC-B30-720/EMERALDGREEN,48,OUT,AC,ECER-N,ECER-N,2026-09-19,rianambong,COMPLETED,false,,2026-10-06T06:35:00.813311+00:00,,
4e55650c-a442-41b7-80d8-1012f5def831,2026-10-06,13.37.44,CORRECTION-CF-SB243,576,OUT,TRANSFER,TEMP-C,TEMP-C,2026-10-06,System (Tarik Fisik),COMPLETED,false,BOX_COUNT:1,2026-10-06T06:37:45.895+00:00,,
e0006701-382c-48c6-9722-de8934c74444,2026-10-06,13.37.44,CORRECTION-CF-SB243,576,IN,TRANSFER,C5,C5,2026-10-06,System (Tarik Fisik),COMPLETED,false,BOX_COUNT:1,2026-10-06T06:37:46.895+00:00,,
611aa719-9298-4e34-90dc-532349ef06f7,2026-10-06,13.37.44,CORRECTION-CF-SB243,576,MOVE,VERIFY,C5,C5,2026-10-06,laelalaika340@gmail.com,COMPLETED,false,BOX_COUNT:1,2026-10-06T06:37:47.954333+00:00,,
ed363ecc-9cb4-4a8f-a30f-ecc1de580cad,2026-10-06,13.38.02,CORRECTION-JK-101A,576,OUT,TRANSFER,TEMP-C,TEMP-C,2026-10-06,System (Tarik Fisik),COMPLETED,false,BOX_COUNT:1,2026-10-06T06:38:03.942+00:00,,
3241d361-ac30-4a08-90c3-97ad4cc838c9,2026-10-06,13.38.02,CORRECTION-JK-101A,576,MOVE,VERIFY,C5,C5,2026-10-06,laelalaika340@gmail.com,COMPLETED,false,BOX_COUNT:1,2026-10-06T06:38:04.705347+00:00,,
592c8172-aba2-456c-8e04-e4d892caace1,2026-10-06,13.38.02,CORRECTION-JK-101A,576,IN,TRANSFER,C5,C5,2026-10-06,System (Tarik Fisik),COMPLETED,false,BOX_COUNT:1,2026-10-06T06:38:04.942+00:00,,
c2b99ab1-1ad5-4b2a-83b2-8c26b50d0ae2,2026-10-06,13.38.25,CUTTER-A-100,1440,OUT,TRANSFER,TEMP-C,TEMP-C,2026-10-06,System (Tarik Fisik),COMPLETED,false,BOX_COUNT:1,2026-10-06T06:38:26.246+00:00,,
71bee3e6-2457-4570-acae-07cdc47bc961,2026-10-06,13.38.25,CUTTER-A-100,1440,IN,TRANSFER,C5,C5,2026-10-06,System (Tarik Fisik),COMPLETED,false,BOX_COUNT:1,2026-10-06T06:38:27.246+00:00,,
558fbb6f-38a1-4367-95a4-56609e0cb14d,2026-10-06,13.38.25,CUTTER-A-100,1440,MOVE,VERIFY,C5,C5,2026-10-06,laelalaika340@gmail.com,COMPLETED,false,BOX_COUNT:1,2026-10-06T06:38:41.854134+00:00,,
2c36e521-45de-44e0-b84a-55eb285ade33,2026-10-06,13.40.17,CUTTER-CU-0511,288,OUT,TRANSFER,TEMP-C,TEMP-C,2026-10-06,System (Tarik Fisik),COMPLETED,false,BOX_COUNT:1,2026-10-06T06:40:18.573+00:00,,
e6ea4f67-a4ac-4cc2-a07a-4d110b8edb47,2026-10-06,13.40.17,CUTTER-CU-0511,288,MOVE,VERIFY,C5,C5,2026-10-06,laelalaika340@gmail.com,COMPLETED,false,BOX_COUNT:1,2026-10-06T06:40:19.398679+00:00,,
859f37b0-5ffc-4445-aabe-9aa04cd8fe2e,2026-10-06,13.40.17,CUTTER-CU-0511,288,IN,TRANSFER,C5,C5,2026-10-06,System (Tarik Fisik),COMPLETED,false,BOX_COUNT:1,2026-10-06T06:40:19.573+00:00,,
6ed22ad8-3b82-492c-9e4a-1c27a6166c47,2026-10-06,13.40.40,CUTTER-CU-0513/DARKBLUE,144,OUT,TRANSFER,TEMP-C,TEMP-C,2026-10-06,System (Tarik Fisik),COMPLETED,false,BOX_COUNT:1,2026-10-06T06:40:41.837+00:00,,
d2b0625f-9b21-40a3-a2f6-bd2132687423,2026-10-06,13.40.40,CUTTER-CU-0513/DARKBLUE,144,MOVE,VERIFY,C5,C5,2026-10-06,laelalaika340@gmail.com,COMPLETED,false,BOX_COUNT:2,2026-10-06T06:40:42.622823+00:00,,
78b33dec-2322-4b83-85a9-29f063464988,2026-10-06,13.40.40,CUTTER-CU-0513/DARKBLUE,144,IN,TRANSFER,C5,C5,2026-10-06,System (Tarik Fisik),COMPLETED,false,BOX_COUNT:1,2026-10-06T06:40:42.837+00:00,,
c5ad6a37-4209-4813-bfb1-1b3c094aeb61,2026-10-06,13.40.58,CUTTER-CU-0513/DARKGREY,144,OUT,TRANSFER,TEMP-C,TEMP-C,2026-10-06,System (Tarik Fisik),COMPLETED,false,BOX_COUNT:1,2026-10-06T06:40:59.983+00:00,,
ef9c2daf-675d-4f73-95d8-c4f7412f7b23,2026-10-06,13.40.58,CUTTER-CU-0513/DARKGREY,144,IN,TRANSFER,C5,C5,2026-10-06,System (Tarik Fisik),COMPLETED,false,BOX_COUNT:1,2026-10-06T06:41:00.983+00:00,,
985518af-538f-44f6-b282-292516f31bbb,2026-10-06,13.40.58,CUTTER-CU-0513/DARKGREY,144,MOVE,VERIFY,C5,C5,2026-10-06,laelalaika340@gmail.com,COMPLETED,false,BOX_COUNT:2,2026-10-06T06:41:01.00389+00:00,,
ccf8c251-3776-4e39-9da8-786e7f1f4469,2026-10-06,13.41.38,CUTTER-L-150BLK,768,OUT,TRANSFER,TEMP-C,TEMP-C,2026-10-06,System (Tarik Fisik),COMPLETED,false,BOX_COUNT:2,2026-10-06T06:41:39.756+00:00,,
1acb3874-e3ec-4757-920c-9504ca229b52,2026-10-06,13.41.38,CUTTER-L-150BLK,768,IN,TRANSFER,C5,C5,2026-10-06,System (Tarik Fisik),COMPLETED,false,BOX_COUNT:2,2026-10-06T06:41:40.756+00:00,,
ef1f4ca5-bb9e-45e3-a80a-d3c3d3cb6c4f,2026-10-06,13.41.38,CUTTER-L-150BLK,768,MOVE,VERIFY,C5,C5,2026-10-06,laelalaika340@gmail.com,COMPLETED,false,BOX_COUNT:2,2026-10-06T06:41:51.323207+00:00,,
83a0cdf4-5073-4c38-85c8-ad8cc67800c7,2026-10-06,13.42.02,ERASER-WE-5/1PC,120,OUT,OP,D4,D4,2026-09-29,rhadikaopik,COMPLETED,false,,2026-10-06T06:44:26.569801+00:00,,
f0d2aa52-5dff-4ac7-b874-af7e89b96598,2026-10-06,13.32.05,CALCULATOR-CC-23CO/GREEN,40,OUT,OP,G4,G4,2026-10-05,rhadikaopik@gmail.com,COMPLETED,false,,2026-10-06T06:44:26.569801+00:00,,
947c1642-dec9-4500-87db-d5f34dbdbb96,2026-10-06,13.48.26,CORRECTION-CF-S244,288,OUT,TRANSFER,TEMP-C,TEMP-C,2026-10-06,System (Tarik Fisik),COMPLETED,false,BOX_COUNT:1,2026-10-06T06:48:27.135+00:00,,
7c981098-3684-4980-a934-16301ce072cb,2026-10-06,13.48.26,CORRECTION-CF-S244,288,IN,TRANSFER,C6,C6,2026-10-06,System (Tarik Fisik),COMPLETED,false,BOX_COUNT:1,2026-10-06T06:48:28.135+00:00,,
2c2718f1-9e46-4179-b45e-9dfc5037cbb6,2026-10-06,13.48.26,CORRECTION-CF-S244,288,MOVE,VERIFY,C6,C6,2026-10-06,laelalaika340@gmail.com,COMPLETED,false,BOX_COUNT:1,2026-10-06T06:48:28.168526+00:00,,
ebfaf41b-9350-4968-aa82-304117c7f573,2026-10-06,13.49.18,CUTTER-CU-502,72,OUT,TRANSFER,TEMP-C,TEMP-C,2026-10-06,System (Tarik Fisik),COMPLETED,false,BOX_COUNT:1,2026-10-06T06:49:19.418+00:00,,
6a740a44-7610-41d7-a63b-1abf10ec7030,2026-10-06,13.49.18,CUTTER-CU-502,72,MOVE,VERIFY,C6,C6,2026-10-06,laelalaika340@gmail.com,COMPLETED,false,BOX_COUNT:2,2026-10-06T06:49:20.136614+00:00,,
a0639731-e3b0-44f5-9e04-36ed9296b861,2026-10-06,13.49.18,CUTTER-CU-502,72,IN,TRANSFER,C6,C6,2026-10-06,System (Tarik Fisik),COMPLETED,false,BOX_COUNT:1,2026-10-06T06:49:20.418+00:00,,
326b73aa-2c06-4743-b3e4-f0b88c3ddbe3,2026-10-06,13.49.51,CUTTER-CU-501,60,OUT,TRANSFER,TEMP-C,TEMP-C,2026-10-06,System (Tarik Fisik),COMPLETED,false,BOX_COUNT:1,2026-10-06T06:49:52.331+00:00,,
2cce9acc-97ef-4038-8fd6-44e45607aff3,2026-10-06,13.49.49,ERASER-ER-166/1PC,360,OUT,OP,D2,D2,2026-10-02,rhadikaopik@gmail.com,COMPLETED,false,,2026-10-06T06:49:52.708789+00:00,,
4509f0d5-5e54-40c3-a6d6-0b3029d6c739,2026-10-06,13.49.51,CUTTER-CU-501,60,IN,TRANSFER,C6,C6,2026-10-06,System (Tarik Fisik),COMPLETED,false,BOX_COUNT:1,2026-10-06T06:49:53.331+00:00,,
0d2c1a83-b0b9-4b60-8860-4e55a259a21e,2026-10-06,13.49.51,CUTTER-CU-501,60,MOVE,VERIFY,C6,C6,2026-10-06,laelalaika340@gmail.com,COMPLETED,false,BOX_COUNT:2,2026-10-06T06:49:53.67441+00:00,,
c98a1806-e6b0-44a4-8dea-32f52dce326e,2026-10-06,13.51.00,CUTTER-CU-0509,144,OUT,TRANSFER,TEMP-C,TEMP-C,2026-10-06,System (Tarik Fisik),COMPLETED,false,BOX_COUNT:1,2026-10-06T06:51:01.076+00:00,,
a55d914c-5ef5-481c-bbc9-827cb36b3386,2026-10-06,13.51.00,CUTTER-CU-0509,144,MOVE,VERIFY,C6,C6,2026-10-06,laelalaika340@gmail.com,COMPLETED,false,BOX_COUNT:2,2026-10-06T06:51:02.061959+00:00,,
1f533cc4-607f-4354-bde3-57967abe15c9,2026-10-06,13.51.00,CUTTER-CU-0509,144,IN,TRANSFER,C6,C6,2026-10-06,System (Tarik Fisik),COMPLETED,false,BOX_COUNT:1,2026-10-06T06:51:02.076+00:00,,
d946a813-cb95-470c-bf4f-0cf58e07a879,2026-10-06,13.51.35,CUTTER-L-500A,288,OUT,TRANSFER,TEMP-C,TEMP-C,2026-10-06,System (Tarik Fisik),COMPLETED,false,BOX_COUNT:3,2026-10-06T06:51:36.012+00:00,,
94e812bd-89f2-4ff8-91ca-f2879521a33a,2026-10-06,13.51.35,CUTTER-L-500A,288,IN,TRANSFER,C6,C6,2026-10-06,System (Tarik Fisik),COMPLETED,false,BOX_COUNT:3,2026-10-06T06:51:37.012+00:00,,
c4dbeb5d-5800-4c87-a9bb-074a1fef866f,2026-10-06,13.51.35,CUTTER-L-500A,288,MOVE,VERIFY,C6,C6,2026-10-06,laelalaika340@gmail.com,COMPLETED,false,BOX_COUNT:6,2026-10-06T06:51:48.455454+00:00,,
3fccbd49-d189-409a-9cd4-151215b40035,2026-10-06,13.52.52,CABLETIE-SCT-13-MIX/1SET/6PCS,160,OUT,TRANSFER,TEMP-C,TEMP-C,2026-10-06,System (Tarik Fisik),COMPLETED,false,BOX_COUNT:1,2026-10-06T06:52:53.26+00:00,,
8b61246c-c091-4768-99c0-050418be66a3,2026-10-06,13.52.52,CABLETIE-SCT-13-MIX/1SET/6PCS,160,IN,TRANSFER,C6,C6,2026-10-06,System (Tarik Fisik),COMPLETED,false,BOX_COUNT:1,2026-10-06T06:52:54.26+00:00,,
78082203-ffc6-400d-83de-795a7c5c3f32,2026-10-06,13.52.52,CABLETIE-SCT-13-MIX/1SET/6PCS,160,MOVE,VERIFY,C6,C6,2026-10-06,laelalaika340@gmail.com,COMPLETED,false,BOX_COUNT:2,2026-10-06T06:52:58.991748+00:00,,
3789069c-404e-4719-a200-cce2457d12ce,2026-10-06,13.56.51,CORRECTION-CF-S233,936,OUT,TRANSFER,TEMP-C,TEMP-C,2026-10-06,System (Tarik Fisik),COMPLETED,false,BOX_COUNT:2,2026-10-06T06:56:52.752+00:00,,
7fc1adff-c8d5-47bd-8b77-51cf3ed1a6f9,2026-10-06,13.56.51,CORRECTION-CF-S233,936,MOVE,VERIFY,C6,C6,2026-10-06,laelalaika340@gmail.com,COMPLETED,false,BOX_COUNT:4,2026-10-06T06:56:53.634612+00:00,,
ed2cb238-f4ed-444a-9838-a30161f4f973,2026-10-06,13.56.51,CORRECTION-CF-S233,936,IN,TRANSFER,C6,C6,2026-10-06,System (Tarik Fisik),COMPLETED,false,BOX_COUNT:2,2026-10-06T06:56:53.752+00:00,,
1543bc90-0459-45e9-80ae-75d318ba6c07,2026-10-06,10.42.58,PULPEN-BP-248/1BOX/12PCS,144,OUT,PENYESUAIAN STOK OUT,I5,I5,,kalindosukses4@gmail.com,COMPLETED,false,,2026-10-06T06:59:46.062117+00:00,,
2b1527ed-1bd6-44a4-bfd4-21a4fa288629,2026-10-06,13.36.56,PULPEN-BP-249/1BOX/12PCS/BLUE,276,OUT,PENYESUAIAN STOK OUT,I1,I1,,kalindosukses4@gmail.com,COMPLETED,false,,2026-10-06T06:59:46.062117+00:00,,
8e6bf8b5-e0ff-4c57-aff0-3cc1c4b2228a,2026-10-06,13.36.55,PULPEN-BP-248/1BOX/12PCS/BLUE,144,OUT,PENYESUAIAN STOK OUT,E6,E6,,kalindosukses4@gmail.com,COMPLETED,false,,2026-10-06T06:59:46.062117+00:00,,
d4c260cf-89aa-4f47-926e-9967ca972201,2026-10-06,13.36.56,PULPEN-BP-248/1BOX/12PCS,288,OUT,PENYESUAIAN STOK OUT,I1,I1,,kalindosukses4@gmail.com,COMPLETED,false,,2026-10-06T06:59:46.062117+00:00,,
e1e53ad3-3c42-415c-9b1a-3bbb5e3fa3f7,2026-10-06,13.36.55,PULPEN-BP-249/1BOX/12PCS,144,OUT,PENYESUAIAN STOK OUT,LORONG-5,LORONG-5,,kalindosukses4@gmail.com,COMPLETED,false,,2026-10-06T06:59:46.062117+00:00,,
2fb6a3a1-3439-4ec8-be3d-6f6d3892242f,2026-10-06,13.38.41,PULPEN-BP-248/1BOX/12PCS/BLUE,144,OUT,PENYESUAIAN STOK OUT,I1,I1,,kalindosukses4@gmail.com,COMPLETED,false,,2026-10-06T06:59:46.423581+00:00,,
55e6b24f-c09e-4580-859b-91c035b10000,2026-10-06,13.48.42,FILE-EF-3G/BLUE,144,OUT,PENYESUAIAN STOK OUT,ECER-O,ECER-O,,kalindosukses4@gmail.com,COMPLETED,false,,2026-10-06T06:59:46.423581+00:00,,
a359e7f4-16d0-407c-b8f8-22da9349671c,2026-10-06,13.39.42,FILE-EF-2638/GREEN,10,OUT,PENYESUAIAN STOK OUT,J22,J22,,kalindosukses4@gmail.com,COMPLETED,false,,2026-10-06T06:59:46.423581+00:00,,
e3a22ccd-1edf-49a9-a343-6695f210c8c9,2026-10-06,13.47.00,FILE-EF-3G/BLACK,48,OUT,PENYESUAIAN STOK OUT,ECER-O,ECER-O,,kalindosukses4@gmail.com,COMPLETED,false,,2026-10-06T06:59:46.423581+00:00,,
e68d6e86-5a55-4e10-a4a3-ce087b369273,2026-10-06,13.47.00,FILE-EF-3G/RED,72,OUT,PENYESUAIAN STOK OUT,ECER-O,ECER-O,,kalindosukses4@gmail.com,COMPLETED,false,,2026-10-06T06:59:46.423581+00:00,,
19eed633-874d-444f-b8ea-39f5f4f75187,2026-10-06,13.57.06,FILE-EF-2638/RED,20,OUT,PENYESUAIAN STOK OUT,J22,J22,,kalindosukses4@gmail.com,COMPLETED,false,,2026-10-06T06:59:46.60787+00:00,,
23dcc04d-d5cb-4ac3-ad74-22a80e5848ca,2026-10-06,13.49.22,FILE-EF-2638/GREY,10,OUT,PENYESUAIAN STOK OUT,J22,J22,,kalindosukses4@gmail.com,COMPLETED,false,,2026-10-06T06:59:46.60787+00:00,,
33eefb3a-0158-4e8b-bb8e-b6ba607e5009,2026-10-06,13.57.05,FILE-EF-2638/RED,10,OUT,PENYESUAIAN STOK OUT,D22,D22,,kalindosukses4@gmail.com,COMPLETED,false,,2026-10-06T06:59:46.60787+00:00,,
3827eecf-987a-4751-9544-a626069d2eb8,2026-10-06,13.53.44,PULPEN-BP-249/1BOX/12PCS,144,OUT,PENYESUAIAN STOK OUT,I1,I1,,kalindosukses4@gmail.com,COMPLETED,false,,2026-10-06T06:59:46.60787+00:00,,
85abcf84-a3c3-4f32-9255-22fda3ad828c,2026-10-06,13.56.04,PULPEN-BP-249/1BOX/12PCS/BLUE,144,OUT,PENYESUAIAN STOK OUT,LORONG-5,LORONG-5,,kalindosukses4@gmail.com,COMPLETED,false,,2026-10-06T06:59:46.60787+00:00,,
28f9240e-81c8-4a8d-b8dd-5d3e387e4d62,2026-10-06,13.58.22,FILE-EF-2638/BLUE,10,OUT,PENYESUAIAN STOK OUT,J22,J22,,kalindosukses4@gmail.com,COMPLETED,false,,2026-10-06T06:59:46.825953+00:00,,
9abe3dcc-9949-423d-8b9c-ddf23cf18146,2026-10-06,13.57.06,FILE-EF-2638/RED,10,OUT,PENYESUAIAN STOK OUT,UTAMA,UTAMA,,kalindosukses4@gmail.com,COMPLETED,false,,2026-10-06T06:59:46.825953+00:00,,
11afe17f-c54b-45a1-b274-f1b54f218b51,2026-10-06,13.40.41,PULPEN-BP-248/1BOX/12PCS/RED,288,IN,PENYESUAIAN STOK IN,UTAMA,UTAMA,2026-10-06,kalindosukses4@gmail.com,COMPLETED,false,,2026-10-06T07:03:07.946+00:00,,
35d2f312-2700-48d3-93e7-fcaa089f9e5c,2026-10-06,13.41.22,PULPEN-BP-249/1BOX/12PCS,288,IN,PENYESUAIAN STOK IN,UTAMA,UTAMA,2026-10-06,kalindosukses4@gmail.com,COMPLETED,false,,2026-10-06T07:03:07.946+00:00,,
d00875cd-9c78-455d-ac78-7a549dbe9db6,2026-10-06,13.40.43,PULPEN-BP-248/1BOX/12PCS/BLUE,288,IN,PENYESUAIAN STOK IN,UTAMA,UTAMA,2026-10-06,kalindosukses4@gmail.com,COMPLETED,false,,2026-10-06T07:03:07.964+00:00,,
d070ff37-cd23-48a1-b346-1f05504a96b2,2026-10-06,13.50.31,FILE-EF-2638/BLUE,20,IN,PENYESUAIAN STOK IN,UTAMA,UTAMA,2026-10-06,kalindosukses4@gmail.com,COMPLETED,false,,2026-10-06T07:03:07.966+00:00,,
01a21984-82d4-4dac-ba9c-a6f780ee9c68,2026-10-06,13.41.22,PULPEN-BP-249/1BOX/12PCS/BLUE,144,IN,PENYESUAIAN STOK IN,UTAMA,UTAMA,2026-10-06,kalindosukses4@gmail.com,COMPLETED,false,,2026-10-06T07:03:07.969+00:00,,
76d15502-f5f4-4d78-b490-17526783fb00,2026-10-06,13.50.31,FILE-EF-2638/GREY,10,IN,PENYESUAIAN STOK IN,UTAMA,UTAMA,2026-10-06,kalindosukses4@gmail.com,COMPLETED,false,,2026-10-06T07:03:08.309+00:00,,
e16dcce5-e777-401b-9ad9-0cc1a5bce26c,2026-10-06,13.50.58,FILE-EF-3G/RED,72,IN,PENYESUAIAN STOK IN,UTAMA,UTAMA,2026-10-06,kalindosukses4@gmail.com,COMPLETED,false,,2026-10-06T07:03:08.312+00:00,,
41186d83-1524-40cd-9774-af5e34f3f3b6,2026-10-06,13.50.32,FILE-EF-3G/BLACK,48,IN,PENYESUAIAN STOK IN,UTAMA,UTAMA,2026-10-06,kalindosukses4@gmail.com,COMPLETED,false,,2026-10-06T07:03:08.314+00:00,,
d12490df-285d-4ece-92d4-d1694288806b,2026-10-06,13.51.06,FILE-EF-3G/BLUE,144,IN,PENYESUAIAN STOK IN,UTAMA,UTAMA,2026-10-06,kalindosukses4@gmail.com,COMPLETED,false,,2026-10-06T07:03:08.315+00:00,,
2d0bd18d-78f7-420c-80e0-5cfa94e6a657,2026-10-06,13.49.52,BOOK-D-1115SC,144,OUT,OP,B23,B23,2026-09-29,rhadikaopik@gmail.com,COMPLETED,false,,2026-10-06T07:03:35.915351+00:00,,
4ed9d0a5-d067-4680-a77d-f2c371e831a7,2026-10-06,14.04.41,CORRECTION-CF-S224,288,OUT,TRANSFER,TEMP-C,TEMP-C,2026-10-06,System (Tarik Fisik),COMPLETED,false,BOX_COUNT:1,2026-10-06T07:04:42.582+00:00,,
2bbb1e4f-9583-410d-8ae8-885297f1f89a,2026-10-06,14.04.41,CORRECTION-CF-S224,288,IN,TRANSFER,C6,C6,2026-10-06,System (Tarik Fisik),COMPLETED,false,BOX_COUNT:1,2026-10-06T07:04:43.582+00:00,,
dcaa6371-f659-4250-bb24-5a19c111e283,2026-10-06,14.04.41,CORRECTION-CF-S224,288,MOVE,VERIFY,C6,C6,2026-10-06,jaenalperdana33@gmail.com,COMPLETED,false,BOX_COUNT:1,2026-10-06T07:04:44.194881+00:00,,
65a2153e-52d2-45c3-a81a-9b914f3cff86,2026-10-06,14.04.39,CALCULATOR-CC-82/BLACK,80,OUT,PENYESUAIAN STOK OUT,LANTAI 4,LANTAI 4,,kalindosukses4@gmail.com,COMPLETED,false,,2026-10-06T07:12:17.187358+00:00,,
933e33c8-4166-452d-af66-a4a1776ef359,2026-10-06,14.04.35,CALCULATOR-CC-82/WHITEGREEN,80,OUT,PENYESUAIAN STOK OUT,LANTAI 4,LANTAI 4,,kalindosukses4@gmail.com,COMPLETED,false,,2026-10-06T07:12:17.187358+00:00,,
bd6a2f16-e38b-410d-bf9e-d69906cffe96,2026-10-06,14.04.36,CALCULATOR-CC-82/PINK,80,OUT,PENYESUAIAN STOK OUT,LANTAI 4,LANTAI 4,,kalindosukses4@gmail.com,COMPLETED,false,,2026-10-06T07:12:17.187358+00:00,,
dee29fa4-2362-4030-ae8f-69deca568e54,2026-10-06,13.59.47,CALCULATOR-CC-82/PURPLE,120,OUT,PENYESUAIAN STOK OUT,LANTAI 4,LANTAI 4,,kalindosukses4@gmail.com,COMPLETED,false,,2026-10-06T07:12:17.187358+00:00,,
3bd484f8-6e9b-43a4-b8e9-7a322a57ed82,2026-10-06,14.08.12,CALCULATOR-CC-82/WHITEGREEN,80,IN,PENYESUAIAN STOK IN,LANTAI 4,LANTAI 4,2026-10-06,kalindosukses4@gmail.com,COMPLETED,false,,2026-10-06T07:12:27.779+00:00,,
1701775b-8924-4a3c-91fb-fbc26dac755b,2026-10-06,14.03.08,CALCULATOR-CC-82/PURPLE,120,IN,PENYESUAIAN STOK IN,LANTAI 4,LANTAI 4,2026-10-06,kalindosukses4@gmail.com,COMPLETED,false,,2026-10-06T07:12:27.78+00:00,,
0fe4398b-646d-49ea-aaee-daba62201fe7,2026-10-06,14.08.13,CALCULATOR-CC-82/BLACK,80,IN,PENYESUAIAN STOK IN,LANTAI 4,LANTAI 4,2026-10-06,kalindosukses4@gmail.com,COMPLETED,false,,2026-10-06T07:12:27.786+00:00,,
2f999e51-b552-4640-ac1d-233a0162c0e9,2026-10-06,14.08.12,CALCULATOR-CC-82/PINK,80,IN,PENYESUAIAN STOK IN,LANTAI 4,LANTAI 4,2026-10-06,kalindosukses4@gmail.com,COMPLETED,false,,2026-10-06T07:12:27.788+00:00,,
9ce745c9-7b09-45ba-a244-8c59f5307ef9,2026-10-06,14.25.39,CORRECTION-1BOX/CF-S209,72,OUT,TRANSFER,TEMP-C,TEMP-C,2026-10-06,System (Tarik Fisik),COMPLETED,false,BOX_COUNT:2,2026-10-06T07:25:40.118+00:00,,
663f6c36-3332-4229-b24b-f045d4da6bf8,2026-10-06,14.25.39,CORRECTION-1BOX/CF-S209,72,MOVE,VERIFY,C7,C7,2026-10-06,laelalaika340@gmail.com,COMPLETED,false,BOX_COUNT:4,2026-10-06T07:25:41.008051+00:00,,
a05ab851-d24e-476a-b33c-1d6146ace7ec,2026-10-06,14.25.39,CORRECTION-1BOX/CF-S209,72,IN,TRANSFER,C7,C7,2026-10-06,System (Tarik Fisik),COMPLETED,false,BOX_COUNT:2,2026-10-06T07:25:41.118+00:00,,
41b2b888-5eb3-4e06-bfaa-3a74760ac00d,2026-10-06,14.26.06,CORRECTION-CF-S209,432,OUT,TRANSFER,TEMP-C,TEMP-C,2026-10-06,System (Tarik Fisik),COMPLETED,false,BOX_COUNT:1,2026-10-06T07:26:07.024+00:00,,
0e72e37f-b4aa-4ae8-8e39-ed6b2787ce14,2026-10-06,14.26.06,CORRECTION-CF-S209,432,MOVE,VERIFY,C7,C7,2026-10-06,laelalaika340@gmail.com,COMPLETED,false,BOX_COUNT:4,2026-10-06T07:26:07.662478+00:00,,
609304ba-ca7e-49a6-8366-22295aa1d51f,2026-10-06,14.26.06,CORRECTION-CF-S209,432,IN,TRANSFER,C7,C7,2026-10-06,System (Tarik Fisik),COMPLETED,false,BOX_COUNT:1,2026-10-06T07:26:08.024+00:00,,
a3a5e40f-b007-4808-8987-0f459c466d0d,2026-10-06,14.26.47,CUTTER-CU-0513/DARKBLUE,144,OUT,TRANSFER,TEMP-C,TEMP-C,2026-10-06,System (Tarik Fisik),COMPLETED,false,BOX_COUNT:1,2026-10-06T07:26:48.935+00:00,,
65ecf61c-0271-4a90-9abd-35ee04965d8d,2026-10-06,14.26.47,CUTTER-CU-0513/DARKBLUE,144,MOVE,VERIFY,C7,C7,2026-10-06,laelalaika340@gmail.com,COMPLETED,false,BOX_COUNT:2,2026-10-06T07:26:49.403704+00:00,,
1ae064eb-4bb8-491d-ae9a-00f541ec4ce2,2026-10-06,14.26.47,CUTTER-CU-0513/DARKBLUE,144,IN,TRANSFER,C7,C7,2026-10-06,System (Tarik Fisik),COMPLETED,false,BOX_COUNT:1,2026-10-06T07:26:49.935+00:00,,
08cc518f-da77-437f-be18-0200e3bf84dd,2026-10-06,14.27.30,CUTTER-CU-0526/GREEN,864,OUT,TRANSFER,TEMP-C,TEMP-C,2026-10-06,System (Tarik Fisik),COMPLETED,false,BOX_COUNT:1,2026-10-06T07:27:31.743+00:00,,
98564bcf-f71c-402e-8cfa-77d62199407a,2026-10-06,14.27.30,CUTTER-CU-0526/GREEN,864,MOVE,VERIFY,C7,C7,2026-10-06,laelalaika340@gmail.com,COMPLETED,false,BOX_COUNT:2,2026-10-06T07:27:32.347787+00:00,,
8cae0663-c747-4ef4-b6d8-e631867f69a3,2026-10-06,14.27.30,CUTTER-CU-0526/GREEN,864,IN,TRANSFER,C7,C7,2026-10-06,System (Tarik Fisik),COMPLETED,false,BOX_COUNT:1,2026-10-06T07:27:32.743+00:00,,
9ef6c083-5583-4096-a1ee-e02fae8a8a11,2026-10-06,14.28.08,CUTTER-CU-0526/PINK,576,OUT,TRANSFER,TEMP-C,TEMP-C,2026-10-06,System (Tarik Fisik),COMPLETED,false,BOX_COUNT:1,2026-10-06T07:28:09.91+00:00,,
2652f2f0-03fc-4afd-ac18-17a53f71c531,2026-10-06,14.28.08,CUTTER-CU-0526/PINK,576,MOVE,VERIFY,C7,C7,2026-10-06,laelalaika340@gmail.com,COMPLETED,false,BOX_COUNT:2,2026-10-06T07:28:10.302666+00:00,,
0fb7c8eb-3ece-422f-b863-569b604ace4a,2026-10-06,14.28.08,CUTTER-CU-0526/PINK,576,IN,TRANSFER,C7,C7,2026-10-06,System (Tarik Fisik),COMPLETED,false,BOX_COUNT:1,2026-10-06T07:28:10.91+00:00,,
d2060b31-2071-4954-9282-48683d3f2998,2026-10-06,14.43.22,STOPWATCH-DGT-511/BLUE,192,OUT,TRANSFER,TEMP-C,TEMP-C,2026-10-06,System (Tarik Fisik),COMPLETED,false,BOX_COUNT:1,2026-10-06T07:43:23.512+00:00,,
91f9a133-919c-4172-abb0-ad4011a0ab6b,2026-10-06,14.43.22,STOPWATCH-DGT-511/BLUE,192,IN,TRANSFER,C7,C7,2026-10-06,System (Tarik Fisik),COMPLETED,false,BOX_COUNT:1,2026-10-06T07:43:24.512+00:00,,
9586498e-555e-468a-a857-f24fd6d60a84,2026-10-06,14.43.22,STOPWATCH-DGT-511/BLUE,384,MOVE,VERIFY,C7,C7,2026-10-06,laelalaika340@gmail.com,COMPLETED,false,BOX_COUNT:1,2026-10-06T07:43:31.365744+00:00,,
3cf0df98-97d7-4a66-bb60-4562ff734727,2026-10-06,14.35.23,DRAWER-UTD-79S,6,OUT,AC,LORONG-7,LORONG-7,2026-08-24,rianambong,COMPLETED,false,,2026-10-06T07:44:40.192794+00:00,,
53757fd8-e153-4dc8-94c7-45e8f327f610,2026-10-06,14.34.41,DESKSET-DS-1014,12,OUT,AC,C24,C24,2026-10-06,rianambong,COMPLETED,false,,2026-10-06T07:44:40.192794+00:00,,
6a527a4c-02bf-4342-85fb-9336a30dc002,2026-10-06,14.33.49,PULPEN-GP-463ER/1PC/BLACK,864,OUT,AC,I11,I11,2026-10-02,rianambong,COMPLETED,false,,2026-10-06T07:44:40.192794+00:00,,
bac1f83a-dbf1-4b4c-aae6-b6d8820624a0,2026-10-06,14.36.38,RING-RPC-23-18,1,OUT,AC,L5,L5,2026-10-06,rianambong,COMPLETED,false,,2026-10-06T07:44:40.192794+00:00,,
bda9a915-25ab-4fd8-b8ba-f364ba256321,2026-10-06,14.32.29,SHARPENER-B-190/1PC,144,OUT,AC,LORONG-6,LORONG-6,2026-09-10,rianambong@gmail.com,COMPLETED,false,,2026-10-06T07:44:40.192794+00:00,,
1911aea4-a33b-4df7-a170-95a46c352f92,2026-10-06,14.43.28,CUTTER-CU-10BC,96,OUT,AC,C5,C5,2026-10-06,rianambong,COMPLETED,false,,2026-10-06T07:44:41.051677+00:00,,
1ba45695-8a25-4fef-8515-ee487e556a37,2026-10-06,14.37.14,RING-RPC-23-12,1,OUT,AC,L17,L17,2026-09-08,rianambong,COMPLETED,false,,2026-10-06T07:44:41.051677+00:00,,
334e8da1-e8e4-437b-9373-5f1c82ba3466,2026-10-06,14.40.43,DOCUMENTTRAY-DT-1000-2T/BLACK,6,OUT,AC,LORONG-2,LORONG-2,2026-10-06,rianambong,COMPLETED,false,,2026-10-06T07:44:41.051677+00:00,,
953550a1-e7ba-4607-88f7-1a2305ec4a8f,2026-10-06,14.42.50,BOOK-BKE-692/BLACK,1,OUT,AC,TEMP-A,TEMP-A,2026-09-19,rianambong,COMPLETED,false,,2026-10-06T07:44:41.051677+00:00,,
111688da-5b4c-41b0-8935-124d171dbfd3,2026-10-06,14.35.11,CALCULATOR-CC-82/WHITEGREEN,80,OUT,PENYESUAIAN STOK OUT,LANTAI 4,LANTAI 4,,kalindosukses4@gmail.com,COMPLETED,false,,2026-10-06T07:47:38.727315+00:00,,
1a5cab51-e13a-4cd6-a432-a1f9a6d9da58,2026-10-06,14.35.12,CALCULATOR-CC-82/BLACK,80,OUT,PENYESUAIAN STOK OUT,LANTAI 4,LANTAI 4,,kalindosukses4@gmail.com,COMPLETED,false,,2026-10-06T07:47:38.727315+00:00,,
d72e7159-f8bd-4490-a4dc-7be56e150e8e,2026-10-06,14.35.12,CALCULATOR-CC-82/PINK,120,OUT,PENYESUAIAN STOK OUT,LANTAI 4,LANTAI 4,,kalindosukses4@gmail.com,COMPLETED,false,,2026-10-06T07:47:38.727315+00:00,,
ecd03c4e-3f06-4f7e-a23a-79c5cef08f8f,2026-10-06,14.34.47,CALCULATOR-CC-82/PURPLE,120,OUT,PENYESUAIAN STOK OUT,LANTAI 4,LANTAI 4,,kalindosukses4@gmail.com,COMPLETED,false,,2026-10-06T07:47:38.727315+00:00,,
f42b6ece-e026-48f4-ac45-b4b8dd3c5fe5,2026-10-06,14.46.44,CALCULATOR-CC-82/BLACK,80,IN,PENYESUAIAN STOK IN,UTAMA,UTAMA,2026-10-06,kalindosukses4@gmail.com,COMPLETED,false,,2026-10-06T07:47:44.335+00:00,,
c76343cd-5510-430e-81de-b46efbbef498,2026-10-06,14.46.44,CALCULATOR-CC-82/WHITEGREEN,80,IN,PENYESUAIAN STOK IN,UTAMA,UTAMA,2026-10-06,kalindosukses4@gmail.com,COMPLETED,false,,2026-10-06T07:47:44.34+00:00,,
06c41a55-f054-4eb8-bfb0-34275467ebba,2026-10-06,14.46.41,CALCULATOR-CC-82/PURPLE,120,IN,PENYESUAIAN STOK IN,UTAMA,UTAMA,2026-10-06,kalindosukses4@gmail.com,COMPLETED,false,,2026-10-06T07:47:44.351+00:00,,
21ec9d0c-1b62-4172-8a55-3917cd17cfe2,2026-10-06,14.46.44,CALCULATOR-CC-82/PINK,80,IN,PENYESUAIAN STOK IN,UTAMA,UTAMA,2026-10-06,kalindosukses4@gmail.com,COMPLETED,false,,2026-10-06T07:47:44.366+00:00,,
0bb430b3-c8e8-4a83-8929-ceef629ab718,2026-10-06,14.54.08,CLIP-200-PTL2/1BOX/12PCS,24,OUT,AC,B18,B18,2026-09-26,rianambong,COMPLETED,false,,2026-10-06T07:54:04.08587+00:00,,
35b8f285-8bc6-438c-97e9-2a9eb0c0fbd8,2026-10-06,14.53.10,PENCIL-P-8162/2B/1BOX/12PCS,180,OUT,AC,LORONG-UTAMA,LORONG-UTAMA,2026-09-02,rianambong,COMPLETED,false,,2026-10-06T07:54:45.380828+00:00,,
dc1a3fae-04c0-4dc0-9f85-6d08580b08b3,2026-10-06,14.53.10,NAMETAG-NT-81/BLUE,100,OUT,AC,F24,F24,2026-09-23,rianambong@gmail.com,COMPLETED,false,,2026-10-06T07:54:45.380828+00:00,,
08ee2018-f313-4637-bafb-ec0316482fe3,2026-10-06,14.55.22,TRAY-TRAY-1001-1,300,OUT,TRANSFER,TEMP-C,TEMP-C,2026-10-06,System (Tarik Fisik),COMPLETED,false,BOX_COUNT:1,2026-10-06T07:55:23.181+00:00,,
aec010e9-a592-4d9f-913a-63836f001e38,2026-10-06,14.55.22,TRAY-TRAY-1001-1,300,MOVE,VERIFY,C8,C8,2026-10-06,laelalaika340@gmail.com,COMPLETED,false,BOX_COUNT:1,2026-10-06T07:55:24.117682+00:00,,
00ef0591-7cbf-44b1-8e66-fb972c11534a,2026-10-06,14.55.22,TRAY-TRAY-1001-1,300,IN,TRANSFER,C8,C8,2026-10-06,System (Tarik Fisik),COMPLETED,false,BOX_COUNT:1,2026-10-06T07:55:24.181+00:00,,
2c15c005-0ed3-435c-96c9-b996ccc76ae1,2026-10-06,14.56.27,STAMP-D-4,120,OUT,AC,K14,K14,2026-08-08,rianambong,COMPLETED,false,,2026-10-06T07:56:39.773588+00:00,,
4348205a-6569-4057-bcec-7be051172ec1,2026-10-06,14.55.49,PAINT-ACC-B30-730/COBALTBLUE,48,OUT,AC,ECER-M,ECER-M,2026-10-06,rianambong,COMPLETED,false,,2026-10-06T07:56:39.773588+00:00,,
6e21a053-a675-403b-883a-9efb16d99e5f,2026-10-06,14.54.43,RING-RPC-23-6,1,OUT,AC,L8,L8,2026-09-19,rianambong@gmail.com,COMPLETED,false,,2026-10-06T07:56:39.773588+00:00,,
0e26cf3c-676e-491c-af2d-e692ece71960,2026-10-06,14.50.19,PULPEN-BP-249/1BOX/12PCS,144,OUT,PENYESUAIAN STOK OUT,I1,I1,,kalindosukses4@gmail.com,COMPLETED,false,,2026-10-06T07:58:15.558345+00:00,,
18404b94-361a-48b1-8432-3df6317857f0,2026-10-06,14.48.58,PULPEN-BP-248/1BOX/12PCS/BLUE,144,OUT,PENYESUAIAN STOK OUT,E6,E6,,kalindosukses4@gmail.com,COMPLETED,false,,2026-10-06T07:58:15.558345+00:00,,
6572d3b2-e694-4e3b-8475-6cde77c62461,2026-10-06,14.47.39,PULPEN-BP-248/1BOX/12PCS,288,OUT,PENYESUAIAN STOK OUT,I1,I1,,kalindosukses4@gmail.com,COMPLETED,false,,2026-10-06T07:58:15.558345+00:00,,
6ba08853-1974-4f8a-bc4e-ceddbc9cba3c,2026-10-06,14.48.58,PULPEN-BP-248/1BOX/12PCS/BLUE,144,OUT,PENYESUAIAN STOK OUT,I1,I1,,kalindosukses4@gmail.com,COMPLETED,false,,2026-10-06T07:58:15.558345+00:00,,
8592f9cd-fbc7-47eb-bdd8-9f45dcf706c9,2026-10-06,14.48.27,PULPEN-BP-248/1BOX/12PCS,144,OUT,PENYESUAIAN STOK OUT,I5,I5,,kalindosukses4@gmail.com,COMPLETED,false,,2026-10-06T07:58:15.558345+00:00,,
8d6247eb-0803-4b96-93cf-4e770fdfc326,2026-10-06,14.51.47,FILE-EF-2638/RED,20,OUT,PENYESUAIAN STOK OUT,J22,J22,,kalindosukses4@gmail.com,COMPLETED,false,,2026-10-06T07:58:15.892302+00:00,,
96cd026d-562c-4784-bb3d-a55d5a7b71e3,2026-10-06,14.51.46,FILE-EF-2638/RED,10,OUT,PENYESUAIAN STOK OUT,D22,D22,,kalindosukses4@gmail.com,COMPLETED,false,,2026-10-06T07:58:15.892302+00:00,,
ae6094cc-5a26-459f-a6bc-a90d235b694d,2026-10-06,14.50.20,PULPEN-BP-249/1BOX/12PCS,144,OUT,PENYESUAIAN STOK OUT,LORONG-5,LORONG-5,,kalindosukses4@gmail.com,COMPLETED,false,,2026-10-06T07:58:15.892302+00:00,,
c44301dc-0203-4bad-b4e5-79f46857f0ae,2026-10-06,14.51.08,PULPEN-BP-249/1BOX/12PCS/BLUE,276,OUT,PENYESUAIAN STOK OUT,I1,I1,,kalindosukses4@gmail.com,COMPLETED,false,,2026-10-06T07:58:15.892302+00:00,,
ff68dc58-e441-4b96-a7ef-c32a866b5161,2026-10-06,14.50.20,PULPEN-BP-249/1BOX/12PCS/BLUE,144,OUT,PENYESUAIAN STOK OUT,LORONG-5,LORONG-5,,kalindosukses4@gmail.com,COMPLETED,false,,2026-10-06T07:58:15.892302+00:00,,
0da6a545-64b4-4bda-9881-26219bb84423,2026-10-06,14.53.34,FILE-EF-3G/BLACK,48,OUT,PENYESUAIAN STOK OUT,ECER-O,ECER-O,,kalindosukses4@gmail.com,COMPLETED,false,,2026-10-06T07:58:16.062744+00:00,,
2689d334-b668-4109-8762-0a03ef3c43c7,2026-10-06,14.51.47,FILE-EF-2638/RED,10,OUT,PENYESUAIAN STOK OUT,UTAMA,UTAMA,,kalindosukses4@gmail.com,COMPLETED,false,,2026-10-06T07:58:16.062744+00:00,,
49d3dd92-0b0b-4798-a8a5-8055cfcc0199,2026-10-06,14.53.34,FILE-EF-2638/GREY,10,OUT,PENYESUAIAN STOK OUT,J22,J22,,kalindosukses4@gmail.com,COMPLETED,false,,2026-10-06T07:58:16.062744+00:00,,
7521979f-855a-4506-87e9-efc9642ca167,2026-10-06,14.53.34,FILE-EF-2638/GREEN,10,OUT,PENYESUAIAN STOK OUT,J22,J22,,kalindosukses4@gmail.com,COMPLETED,false,,2026-10-06T07:58:16.062744+00:00,,
f619e621-829a-45c8-bcf5-4c086553508a,2026-10-06,14.53.13,FILE-EF-2638/BLUE,10,OUT,PENYESUAIAN STOK OUT,J22,J22,,kalindosukses4@gmail.com,COMPLETED,false,,2026-10-06T07:58:16.062744+00:00,,
3f678954-72e4-40ba-a0a5-0e9dd10af4cb,2026-10-06,14.54.29,FILE-EF-3G/RED,72,OUT,PENYESUAIAN STOK OUT,ECER-O,ECER-O,,kalindosukses4@gmail.com,COMPLETED,false,,2026-10-06T07:58:16.269349+00:00,,
b26c7b42-5475-45ad-8e4a-893afcf34be2,2026-10-06,14.54.29,FILE-EF-3G/BLUE,144,OUT,PENYESUAIAN STOK OUT,ECER-O,ECER-O,,kalindosukses4@gmail.com,COMPLETED,false,,2026-10-06T07:58:16.269349+00:00,,
8c3c7240-72ba-4b28-a3bc-0925513c8188,2026-10-06,14.49.57,PULPEN-BP-248/1BOX/12PCS/BLUE,288,IN,PENYESUAIAN STOK IN,UTAMA,UTAMA,2026-10-06,kalindosukses4@gmail.com,COMPLETED,false,,2026-10-06T07:58:21.206+00:00,,
e3fe9003-dc8b-4e4a-85ec-0f935d8e160c,2026-10-06,14.49.57,PULPEN-BP-249/1BOX/12PCS,288,IN,PENYESUAIAN STOK IN,UTAMA,UTAMA,2026-10-06,kalindosukses4@gmail.com,COMPLETED,false,,2026-10-06T07:58:21.217+00:00,,
0b994fe4-27a7-4844-8069-099bf3d57855,2026-10-06,14.47.44,PULPEN-BP-248/1BOX/12PCS/RED,288,IN,PENYESUAIAN STOK IN,UTAMA,UTAMA,2026-10-06,kalindosukses4@gmail.com,COMPLETED,false,,2026-10-06T07:58:21.22+00:00,,
75716e83-97d2-4ed2-ae6b-b744e1951d70,2026-10-06,14.49.57,FILE-EF-2638/BLUE,20,IN,PENYESUAIAN STOK IN,UTAMA,UTAMA,2026-10-06,kalindosukses4@gmail.com,COMPLETED,false,,2026-10-06T07:58:21.232+00:00,,
9e50bc9a-b9b3-4242-806d-d5bf7fdcb71e,2026-10-06,14.49.57,PULPEN-BP-249/1BOX/12PCS/BLUE,144,IN,PENYESUAIAN STOK IN,UTAMA,UTAMA,2026-10-06,kalindosukses4@gmail.com,COMPLETED,false,,2026-10-06T07:58:21.232+00:00,,
a93ddadb-e314-415a-a908-fc954a90d494,2026-10-06,14.57.06,FILE-EF-3G/BLACK,48,IN,PENYESUAIAN STOK IN,UTAMA,UTAMA,2026-10-06,kalindosukses4@gmail.com,COMPLETED,false,,2026-10-06T07:58:21.452+00:00,,
fc50ff5b-8526-48e8-a8f7-b6c13d8f0a32,2026-10-06,14.49.58,FILE-EF-2638/GREY,10,IN,PENYESUAIAN STOK IN,UTAMA,UTAMA,2026-10-06,kalindosukses4@gmail.com,COMPLETED,false,,2026-10-06T07:58:21.453+00:00,,
4c292dba-7770-4fb4-b759-73ceab099a17,2026-10-06,14.57.29,FILE-EF-3G/BLUE,144,IN,PENYESUAIAN STOK IN,UTAMA,UTAMA,2026-10-06,kalindosukses4@gmail.com,COMPLETED,false,,2026-10-06T07:58:21.462+00:00,,
652a6a6f-3963-4d1d-9109-69fd280365fc,2026-10-06,14.57.06,FILE-EF-3G/RED,72,IN,PENYESUAIAN STOK IN,UTAMA,UTAMA,2026-10-06,kalindosukses4@gmail.com,COMPLETED,false,,2026-10-06T07:58:21.463+00:00,,